team_name,team_link_url,btag
Penn State Harmony,https://compete.tespa.org/tournament/111/team/23599,"AceOfSpades#11850,SolarFlamez#1839,FosterWalrus#1344,ALLinTheGAME#11816,DeadKnight#11476,漂白白#4808,Thor#12751,Enchilada#11845,PSUKicus#1510"
UNF Varsity Blue,https://compete.tespa.org/tournament/111/team/23664,"McRaeMan#1505,Klühr#1532,Deko#11352,ƁŖǾĈĈǾĿǏ#1950,Reflex#11883,WhatsCards#1449,creativename#11927,BeatDatBooty#1223,DregonLady#1692"
UniversityofWyoming,https://compete.tespa.org/tournament/111/team/23942,"SlapHappy#11695,Gravel#11659,Blackwayv#1447,Oleyy#1712,Ar13mis#1144,Trenton124#1362,DEATHCAMIS#1748,TheDangus#1983"
SLU_BATS,https://compete.tespa.org/tournament/111/team/23661,"ChiefǶKeef#1753,Bobshickabob#11857,AlphaOmega#11257,StælthyPanda#1485,GreenLED#1123,KingTaquan#1704,gimzo#1606"
Bulldogs,https://compete.tespa.org/tournament/111/team/22830,"Ricashea3#1110,UMLAUT#11819,Xan#12287,Wunder#11127,Wölf#11488,Telos#11842,Milk#12996,Adam#14374,Bry#11555"
Dukes-Gold,https://compete.tespa.org/tournament/111/team/23699,"lax#12801,Kit10#11644,UnluckyCharm#11495,Higglejiggle#1818,Wryxiati#1218,Strudel#11629,BlackDiamond#22640"
Skyline,https://compete.tespa.org/tournament/111/team/23096,"One#1885,HiyangNinja#1433,invertigo#1906,smax253#1605,Intriguing#1902"
Buffs,https://compete.tespa.org/tournament/111/team/21799,"Azea#11326,Dusty#1651,Shimadamada#1668,Dman#12112,Doink#11946,Demuny#1273,SeñorSwiper#1343,blaino50#1483"
Mason ¯\_(ツ)_/¯,https://compete.tespa.org/tournament/111/team/24046,"NightHatter#11948,turtle#12855,MooneRyder#1135,keywizzle#1391,NaiveSoul#1229,Spudnugget#1223,JSteeZy#11147,Ryobi#11952,Sc0pz#1111"
JSU Esports,https://compete.tespa.org/tournament/111/team/21775,"Pure#12697,Shirase#11396"
Crimson,https://compete.tespa.org/tournament/111/team/21802,"Varotyk#1909,Markles#11332,bigfootalex#11545,hoppin#11390"
Fanshawe Falcons,https://compete.tespa.org/tournament/111/team/23623,"Taako#11288,Joester09#1804,electrochoc#11670,AnnaVoig#11165,Trev#11944,Dolan#1943,Blastub#1489"
Norwood Hit Squad,https://compete.tespa.org/tournament/111/team/24673,"greentext#1245,Hinata#1439,Anchor#11862,Oblivion#13722,Swiftfeet#11133,Dayus#11246,Cheese#12947,Randmcitizen#11117,Kyu#11866"
Guelph Gryphons,https://compete.tespa.org/tournament/111/team/22655,HafuJr#1903
UNM Esports,https://compete.tespa.org/tournament/111/team/24980,MemeMessiah#11863
Saints Gaming,https://compete.tespa.org/tournament/111/team/21675,SUSHi#12621
Dalhousie Tigers,https://compete.tespa.org/tournament/111/team/25536,"GreenSahib#1337,Ȅcho#1463,Dreamfyre#11478,MediumPig#2126,Antios#11267,CBINcameron#1198,Riamu#1131"
Sting,https://compete.tespa.org/tournament/111/team/21952,GandalfGrey#1772
Big-B,https://compete.tespa.org/tournament/111/team/24767,"AgCN#11665,Dryden001#1456,FNEZ#11279,Zreepio#1375,swiper#11137,ZooterZoo#1362,Yummers#1220"
Arizona Sun Devils,https://compete.tespa.org/tournament/111/team/21695,SUN#22222
Corsairs,https://compete.tespa.org/tournament/111/team/25020,Selinaxkyle#1326
RankDoesntMatter,https://compete.tespa.org/tournament/111/team/21948,FTCFelix#1936
Paintrain,https://compete.tespa.org/tournament/111/team/21690,"MissMurder#11115,mylies43#1485"
Marist White Foxes,https://compete.tespa.org/tournament/111/team/25017,"RYGUY722#1951,DRMagnify#1683,stormageddon#1627,Taes#11274,Abso#11358,SuperNinja#163440"
Xplicit,https://compete.tespa.org/tournament/111/team/21689,Dot#11244
Hoosiers,https://compete.tespa.org/tournament/111/team/21688,"DPM#11111,Katakuri#11939"
Augustana Overwatch,https://compete.tespa.org/tournament/111/team/25014,"NXA#11652,Tropic#11378,Dad#13944,Au10#1846,Leyden#1315,banANAmilk#21214,Nebula#1418,Penguin#12520"
Guelph Gryphons,https://compete.tespa.org/tournament/111/team/25525,nyokoeki#1166
Lakeshore Blue,https://compete.tespa.org/tournament/111/team/25524,"Canman#11488,Gallaxee#1788,Syprious#1433,Inkz#11500,Bloom#12411,Kinkoh#1213,Lucky#15959"
Flex Tape,https://compete.tespa.org/tournament/111/team/22708,"CryptoMarrow#1918,Bryce#12725"
Maverick,https://compete.tespa.org/tournament/111/team/21683,Flyingangel#1652
Empty Set Gaming,https://compete.tespa.org/tournament/111/team/25522,ArmsandLeggz#1744
Texas State Esports,https://compete.tespa.org/tournament/111/team/21938,"Tirate#11484,Purelmiller#1695,Kuda#11371,Acala#11703,MrLastChance#1912,Anax#11298,VagabondTech#11965"
NanoStangz,https://compete.tespa.org/tournament/111/team/25265,"MCSneakyTrtl#1128,MCLexunex#1250,MCBLOODR3IGN#1404,skyrider1213#1517,Moth#11683,MCReliant#1124,KiddOmen#1952"
Grizzlies,https://compete.tespa.org/tournament/111/team/22704,"CrazySerbian#11537,Baboos#2702"
La Verne Esports,https://compete.tespa.org/tournament/111/team/21680,"DapperDeer#11669,Recyclops#11606,Jammers#1579,Menteran#3482,BuniOG#1423,Heliolater#11686,LukeNuk3m2D#1460"
Zeppelins,https://compete.tespa.org/tournament/111/team/21678,"PbZeppelin42#1464,iiNBoX#1312"
UBCO Astros,https://compete.tespa.org/tournament/111/team/25005,"NeoPaulitan#1481,JagerFox#1868,Daddy#12310,Zecr#1218"
;),https://compete.tespa.org/tournament/111/team/23981,Aerophobic#2454
SNHU Esports,https://compete.tespa.org/tournament/111/team/24748,"Nithilis#1199,OCleprechaun#1368,Venxm#1205,Merrymelon#1979,Fragnar#11982,Weasy#11558,MagicTurtle#1117401,Commando#11203"
DPU Meiday,https://compete.tespa.org/tournament/111/team/25770,"YoshiEscape#1194,DeathByGrena#1967,PugsofWrath#1471"
LVC Academy,https://compete.tespa.org/tournament/111/team/22954,"NuNightmore#11551,Zesty#12454,GrayMadderz#1755,IndieanaJone#1138,Enigma#13521,Tereto#11712"
Royal Bears,https://compete.tespa.org/tournament/111/team/21673,Smoothie#11871
UChicago OW,https://compete.tespa.org/tournament/111/team/24744,"mire#11326,thisisdisney#1890"
Terrapins,https://compete.tespa.org/tournament/111/team/21669,"bbbbbbbbbbbb#11285,killerwill#1942,AsianLegeM8#2347"
Carleton Ravens Red,https://compete.tespa.org/tournament/111/team/24996,Pillz#11316
MUES Club Team,https://compete.tespa.org/tournament/111/team/24995,Soleil#11661
Pitt B Team,https://compete.tespa.org/tournament/111/team/25250,"beef69#11372,Noodleslayer#11437,Semmick#1696,thalasns#1723,vis#11653,Solaire#12587,Porzingis#11366"
Concordia Tornadoes,https://compete.tespa.org/tournament/111/team/21922,WeHaveATRex#11801
boosted animals,https://compete.tespa.org/tournament/111/team/21921,"Libri#1651,isi#11877,baychi#1811,ORIG1N#11755"
Doom Cats,https://compete.tespa.org/tournament/111/team/24735,"Wiglaf#11172,Khpenguin#1604,Skyler#1520,Finman12#1188,Lycanoid#1715,Leftforlol#1450"
Stephens Stars,https://compete.tespa.org/tournament/111/team/24990,"Athyris#1524,Lilo#12709,Ormr#11568,kdramallama#1570,chip#12149,jinx2715#1955"
ow memes 4 UCB teens,https://compete.tespa.org/tournament/111/team/25501,"MeRCíO#1838,KentBazemore#1504,VonReinhardt#1185,deking1234#1537,KoreanBear#31658,Nao#11582"
UW Badgers,https://compete.tespa.org/tournament/111/team/21661,"Riyazo#1768,Kibbles#1748,Code#11631,tostada#11821,NETA#11334,WildWolf#122543,Hibiscus#11249"
Overwatchers,https://compete.tespa.org/tournament/111/team/21659,karlog#11563
JCCC Cavaliers,https://compete.tespa.org/tournament/111/team/23961,Absol#11418
The Lumberjacks,https://compete.tespa.org/tournament/111/team/21912,"BlizzardDog#1700,Neshard99#1158"
Lakeshore White,https://compete.tespa.org/tournament/111/team/25750,"Tien#11326,Mctankles#1230,Hatkid#11337,bmacdemarco#1217,Moose#13624"
UTD Esports B,https://compete.tespa.org/tournament/111/team/24982,"Erictigerawr#1133,DrStiles#1972,RadilPickle#1931,Jukebox#11103,Worthy#1879,Klein#11187,MelMar#11354,Spheaf#1496"
Buccaneers,https://compete.tespa.org/tournament/111/team/24726,Juca#11423
Astonish,https://compete.tespa.org/tournament/111/team/21910,D35TR0Y3R#11300
Langara Esports,https://compete.tespa.org/tournament/111/team/25749,Ranger#1593
8 Bit Gaming,https://compete.tespa.org/tournament/111/team/22165,iNance#2535
CLAW Gaming JV,https://compete.tespa.org/tournament/111/team/23956,"LittleFleece#1849,Monkeybean07#1595,QueenCookie#11399,Gandales#1399,Trinzael#1832,BEA5T#11935,LIONELMESSI#1778,UtaSam#1856"
Dome,https://compete.tespa.org/tournament/111/team/21652,"ramjams#11838,Clever#11138"
The Crazy Chaparrals,https://compete.tespa.org/tournament/111/team/21907,"CafeFunk#1854,Tiberius#12847"
Kenage,https://compete.tespa.org/tournament/111/team/24722,"MrEXP#11717,Zaf#11345,DietCokeBoy#1209,benjibro333#1813,Manstervile#1519,Savant#11688,ThanatosEX#1248,AceFiddles#1153,Kaiden#11837"
Purdue,https://compete.tespa.org/tournament/111/team/21649,"Breadstick#11500,xonia#11712,wongdiggidy#1333,Tenshi#11448,KStrawberry#1647,Pashin#2290,ResidentTrig#1657,SRREIMBURSER#1618"
York University,https://compete.tespa.org/tournament/111/team/25488,"Phishem#1599,Xoreus#1721,ReDesign#1589,PeterC#1651"
Raiders,https://compete.tespa.org/tournament/111/team/21648,Shadow#118345
Cogswell Dragons β,https://compete.tespa.org/tournament/111/team/25231,"Cowmilk#11384,StackOverflo#11389,Peppa#11419,sbt#1249,Rawr1691#1879,DryRock#1595,Thana#11517"
The Bee Team,https://compete.tespa.org/tournament/111/team/23695,"Puddles#11908,Locusts#1658,fary4Cree#1730,Chartwig#1156,whichi#11966,Xeno#1675,RazorSK#1521"
U of M Bisons,https://compete.tespa.org/tournament/111/team/21646,"pilgornia#1719,Enorama#1816,symbol#11431,pAnpAnic#1214,Varietist#1161,KORV#11233"
Galloping Gaucho's,https://compete.tespa.org/tournament/111/team/21901,"MattTheB#1712,NeitoXIII#1531"
The NOVA Boofers,https://compete.tespa.org/tournament/111/team/22665,HollowGrey#1339
Ole Ags,https://compete.tespa.org/tournament/111/team/21896,Hootch#11638
Warrior Esports JV,https://compete.tespa.org/tournament/111/team/24967,"ttack412#1541,CSMACA#1871,Chill4dayz#1755,DingusKahn70#1808,Decimator123#1659,OMGJoel#1672,Striker#13883"
Reveille,https://compete.tespa.org/tournament/111/team/21895,"Orphadox#1108,Nhube#1387"
Club Penguin,https://compete.tespa.org/tournament/111/team/22662,"Swank#1667,GammaGaming#1300"
[      ],https://compete.tespa.org/tournament/111/team/21894,Mnemonic#11499
Oakland Grizzlies,https://compete.tespa.org/tournament/111/team/25476,EggrollNerd#1413
Fitchburg Falcons,https://compete.tespa.org/tournament/111/team/24963,"Donk#11921,shancb9#1737,KingDingus#1680"
UNF JV Grey,https://compete.tespa.org/tournament/111/team/23681,"CannibalQT#11680,Axolotl#11760,UnholyBanjo#1797,Renna#11461,Shinobi#1527"
Ashford Roses,https://compete.tespa.org/tournament/111/team/21633,grngegrl#1877
Toledo Rockets,https://compete.tespa.org/tournament/111/team/21632,well#11306
Durham Lords,https://compete.tespa.org/tournament/111/team/23679,"Runescape#11374,Roo#12158,Thaz#1141,Lonaw#1186,Dusk#12420,Warfarematt#1259,KarizmA#1106"
Dolphins,https://compete.tespa.org/tournament/111/team/21886,ItsJosh123#1152
Maryville Saints,https://compete.tespa.org/tournament/111/team/21630,MattDamien#1224
UO,https://compete.tespa.org/tournament/111/team/24957,Tanner#1388
Stormy Petrels,https://compete.tespa.org/tournament/111/team/22140,Pokey#11224
LU Peckers,https://compete.tespa.org/tournament/111/team/21626,Nymphonics#11421
UW Badgers C,https://compete.tespa.org/tournament/111/team/25207,"Chappie#11794,Jason#18882,BL00PZ64#1202,TheCommies#11790,Mac#14537,Arachnid#12830,MOMO#15876"
Real College,https://compete.tespa.org/tournament/111/team/21879,"SchmitPSL#1891,Zendaya#11775"
Saints eSports,https://compete.tespa.org/tournament/111/team/22388,"iviRushix#1422,OwtaCtrl#11688,Noodles#11582,KalimboSlice#1216,HENTAĺ#1510,WheatBread#11874,G0ds0meR0b0t#1218,Xyaqos#1670,Saltbread#11226"
Raiders United,https://compete.tespa.org/tournament/111/team/23667,"ǃMarc#1317,Aloe#1112,Toxic#12642,Executing#1955,Repoc#1639,NEATǃ#1835,Leisureforce#11507"
NWOSU E-Sports,https://compete.tespa.org/tournament/111/team/24944,"NinjaPacman0#1873,CrispyNacho#11898,SteckWet#1491,InsidiousGem#1863,Slmace#11646,Nyarl3thot3p#1806,TheMop#11670,k0taku#1297"
Golden Gaels,https://compete.tespa.org/tournament/111/team/23152,Daddy#12930
UofT,https://compete.tespa.org/tournament/111/team/23663,IAmSacul#1294
Blue Dream,https://compete.tespa.org/tournament/111/team/25710,"Depression#11947,DrFill#11791,Glitch#12503,Nizzy#11337"
chadwatch,https://compete.tespa.org/tournament/111/team/25453,"keyo#1432,wufer#11147,Joji#11466,Zekiram#1514,SearchEngine#11402,Oopytoopers#1548"
KSU Owls B,https://compete.tespa.org/tournament/111/team/24941,"TribalWarPup#1560,sud#11303,xnoctusx#1257,Skymin#1507,Thorne#11458,UniStar#11145,GottaGoFast#11860"
Spartans,https://compete.tespa.org/tournament/111/team/25705,Jac#12869
LumberWatch,https://compete.tespa.org/tournament/111/team/24681,"zxfd78#1236,Darth#1922,rfenske#1329,CuteBritt#11802,MemerMan#11269,Dinkleberg#11452"
NIU Overwatch,https://compete.tespa.org/tournament/111/team/23143,Frosty#14523
uO GeeGee WP 2,https://compete.tespa.org/tournament/111/team/25445,"Blazegod4444#1123,Novaltii#1261,Lamortdeboo#1828,SkylordHawk#11590,DeltaHat#11226,Drakath99135#1902"
Team 6,https://compete.tespa.org/tournament/111/team/25700,"Gadgetite#1587,ipooponbirds#1263,Deej#11654,Chickcahbob#1708"
uO Trifecta,https://compete.tespa.org/tournament/111/team/25444,"Acuiasa#1465,pikl#11639,MapleMelodey#1332,Tsubaki#11880,Jaxo#11929,Cause#11553,Reedley#1911,Werter#11329,creed#11855"
$,https://compete.tespa.org/tournament/111/team/21860,"Huz#11968,Kevkunnn#1357"
TAMUK eSports,https://compete.tespa.org/tournament/111/team/23651,"NEGUS#1151,ElProdigy777#1387,Swegosaurus#1631,stevojolly#1468,Pendere#1106,Solstavir#1365"
BenU Mesa,https://compete.tespa.org/tournament/111/team/23649,"CollegeJohny#11994,hippokrono#1921,KINKADE#11990,PistologyXO#1238,Subtonnic#1415,mgarcia13579#1394,ntguthri#1633,ArTheWise#1131,Dwidney#1873"
Pittsburgh Panthers,https://compete.tespa.org/tournament/111/team/24928,"WolfPack#1617,Toxic#1828,Quavo#11399,Steelgrass#1891,Gabs#11818,ToLstoy#11185,Zregnayu#1510,Dusty#12533"
Hawks,https://compete.tespa.org/tournament/111/team/24927,"Stang#11820,Manbearpig#12952,KingKludge#1739,Flea#11838,Drgnlover311#1825,Nicker812#1436,Sewpris#1554,Andrewskie#1128,Blanchardd#1354"
UTA Jaeger,https://compete.tespa.org/tournament/111/team/23647,"MattLoze#1831,Tommy7373#1366,mooncryptid#11885,TomatoLord#11188,Itakirie#1123,Dez#1298,UltraPollito#1954,CopyKitten#11806"
UTK Esports JV,https://compete.tespa.org/tournament/111/team/22623,"NervousHero#11303,porbhoog#1219,BlanketWings#1420,Junko#11441,airman#1840"
BNETPLAYERS,https://compete.tespa.org/tournament/111/team/24923,"viciousbunny#1399,AmateurGenji#1596,Zephyr#1361,Khaos#11661,ToberCat#1831,KUUYA#11969,sixonedelta#1193,Amery#1828"
Munchie Mobile,https://compete.tespa.org/tournament/111/team/24153,AIPlayer#11492
Denver Peaks B,https://compete.tespa.org/tournament/111/team/25430,"nicememe#11196,Madness#1231,Bubby#2482,dige678#1428,utterchaos#11516,Pix3lPoof#1371"
The Booty Baes,https://compete.tespa.org/tournament/111/team/24150,"RedAngel#1836,Jynx#1170,Snejj5#1300,UnReformdKys#1446,ErikJones#1769,Cole#13222,Nightwish#1394,Leaf#11413"
Rit Esports D2,https://compete.tespa.org/tournament/111/team/25429,"Boartle#1550,Synthesci#1561,Smash#11924,Xbg102#1782,Flewander#1389,Vanguard#11459,jobelar#1713"
Phoenix eSport Club,https://compete.tespa.org/tournament/111/team/22101,Excursions#1944
Angry Bears,https://compete.tespa.org/tournament/111/team/25172,"AIined#1689,HeliosTU#1667,Rohanis2cool#1716,MollyShaitan#1794,Angelfall#11356,Neo#13630,Luftwaffles#1204,TriSTANlee#11692"
KSU Wildcats,https://compete.tespa.org/tournament/111/team/24916,"tb0ne#1773,Kai#13552,TermnatrSkul#1521,Vyspi#1327,Amoreity#1721,Profoak0117#1347,Skiritai#11619"
USF Bulls,https://compete.tespa.org/tournament/111/team/22612,"Mistercat#11352,FatBoyz#11215,FraiRaisuu#1264,Rezno#11255,Jace#12929,Sergeantpea#1128,gripashaUA#1657,runITdownMID#1294,EranVonBaron#1138"
Team E,https://compete.tespa.org/tournament/111/team/23123,"Fishcat#11142,LuckyDog#1309,Saltus#11821,soooperdude#1864,Panda#17673,Majersk21#1238,Blvckmatter#1880,Blaze#12697"
The Bad Borks,https://compete.tespa.org/tournament/111/team/21840,"Weapin#1995,MaximumBork#1201,darksasuke#11491"
MU Club Team,https://compete.tespa.org/tournament/111/team/25679,"Xerxes#1971,Phillies1027#1490,KyleL#1191,Jimdude2435#1575,Praline#11791,CoffeeCat#11240,JuvenileArby#1495"
Privateers,https://compete.tespa.org/tournament/111/team/23629,"Prince#12938,Westytank#1850,Yattaro#11503,HealSloot#1469,Luigifan129#1558,Snoops#1603,Demondots#1245,Direcub10#1221,UttermostAxe#1182"
Bulldogs,https://compete.tespa.org/tournament/111/team/21837,teamfortress#11342
Golden Gentlemen,https://compete.tespa.org/tournament/111/team/21835,C0deine#1903
Wrong Raiders,https://compete.tespa.org/tournament/111/team/24138,"Bryten#1877,Pupp#11265,foxxo#11966,Kastellan#11660,LanyeWest69#1570,EnergyGroß#1921,Austin#12183"
Highlander Gaming,https://compete.tespa.org/tournament/111/team/21833,RyKy#1960
Esports at IUK,https://compete.tespa.org/tournament/111/team/25160,"frumpydarrel#1933,FACELESS#11935,Attonas#11647,CMAC#1465,Tsuedo#1915,BMull152#1889"
UND,https://compete.tespa.org/tournament/111/team/22855,Galadorin#1396
Green Wave,https://compete.tespa.org/tournament/111/team/21829,"KungFuKenny#11778,FEARTHEMETA#1227,Joyful#11241"
Sooners,https://compete.tespa.org/tournament/111/team/25155,"Kitren#1356,DrBanelingMD#1595,MilkSteak#11366,Wumbologist#11625,Kaetha#11287,Palcatraz#1141,HailHavoc#11580,catparent#1529,Portobello#11964"
H-HEWWO? (•⊙ω⊙•),https://compete.tespa.org/tournament/111/team/25154,"RogueCodes#1121,ItsMagicNeal#1398,AmadeusJones#1498,JoshiCamoshi#1994,Ozymandias#1158,Iceskimo#11282,Thatrobguy27#1349,mstdngrsgamr#1808,PapaPajama#1877"
Overwhere?,https://compete.tespa.org/tournament/111/team/24130,"DABE#11511,KIVA#11173,pannone#1525,Klauss#11333,Vestation#1936"
SFSU Games,https://compete.tespa.org/tournament/111/team/24896,"Starfox707#1629,Chriskade#1735,Solify#1279,Đonzo#1984,SoldierA#1240,Gapshot1#1294"
PCT Esports,https://compete.tespa.org/tournament/111/team/24895,"OtakuSama#11161,Vox#11544,Ne0nReaper#1652,Vazumongr#1272,Kchura#1908,Creed#11485,Kbrew7181#1923,Kumquat#11417"
UHCL Hawks,https://compete.tespa.org/tournament/111/team/24893,"blue#15239,C4Pants#1884,Rosie#1527,DeusVu1t#1840,Salsa#11745,HoodratRobin#1402,Castuh#1217,Jdarbz#1937"
Beavers,https://compete.tespa.org/tournament/111/team/25147,"BeeMan#11835,Doc#13893,TstclrCncr#1617,o0zw0o#1334,Arcamage#1229,Haxfish#1256,MortY#11645"
Team Aluminum,https://compete.tespa.org/tournament/111/team/24123,"Reiji#11522,Roxas#11945"
NYU Somewhatviolets,https://compete.tespa.org/tournament/111/team/25143,"Flapjack#12141,Spiff#11790,Ako#1156,TheDragon76#1212,IPlayLoL#1703,Swaginabox#11435,hohep#11687,Prodigy#12939"
Riverhawks ,https://compete.tespa.org/tournament/111/team/22582,YaBoiAang100#1413
Renegade E-sports,https://compete.tespa.org/tournament/111/team/25141,"Kanewnew#1999,GoldPh0enix#1242,PeePeeChiken#1697,Rusok#11526,young#12398,Veroable#1403,SSJHiro#1337,MattAttack#11810"
The Ancients,https://compete.tespa.org/tournament/111/team/24116,StudentLoans#11669
POGGERS,https://compete.tespa.org/tournament/111/team/21812,BladeRunner#12617
UNT Club Team Black,https://compete.tespa.org/tournament/111/team/25647,"CommanderFox#11151,LEATHERMAN#11998,Nidus#11598"
Golden Rams,https://compete.tespa.org/tournament/111/team/21807,JimboSlice#12198
Bearcats,https://compete.tespa.org/tournament/111/team/25646,ZaMa#11265
UR Yellowjackets,https://compete.tespa.org/tournament/111/team/25134,"Shile#11321,Wolf#13539,ertrD#1766,mrmacks#11441,Dangerdurian#1332,Xydium#1148,seg2580#1713,Asesh#11899"
The Golden Legion JV,https://compete.tespa.org/tournament/111/team/24877,"DjPendejo#1205,MedievalJedi#1673,Andree323#11532,JordanHFates#1346,Forsuredude#11510"
Miami Storm Surge,https://compete.tespa.org/tournament/111/team/23084,"Salmon#11147,DADMASTER420#11824,ĿƐǞŊ#1420,SectorCodec#11399,Aiden#22811,ApeBog#1341"
Hokies Never Die,https://compete.tespa.org/tournament/111/team/25131,"Flare#11360,photon#1820,jLett#1588,FORƘ#1302,Priimo#1749,Avacyn#11969,adenod#1918"
UCMO eSports,https://compete.tespa.org/tournament/111/team/22059,Nate#13196
Escape TAMUCC,https://compete.tespa.org/tournament/111/team/25385,Thep#11549
Dal Tigers ,https://compete.tespa.org/tournament/111/team/24103,
Tigers ,https://compete.tespa.org/tournament/111/team/22053,"Comjn#1708,Hal#12831,Peregrine#11723,chinoise#11273,Meiosis#11287,ndog395#1585,Reiout#1885,D1R3W0LF#11226"
Dewhawks,https://compete.tespa.org/tournament/111/team/21795,Zanza#1851
Idaho State,https://compete.tespa.org/tournament/111/team/21794,TheSaintNic#1716
HPU Panthers,https://compete.tespa.org/tournament/111/team/25121,"LockedOut#1621,MadMadameEm#1218,enRGsword#1962,GrumpyMonk#156160,Extern#11975,MrPineappleZ#1812,Shwaza#1775,RetMaestro#1642,Ȁce#1299"
Brandeis Judges,https://compete.tespa.org/tournament/111/team/25632,LichKing#11897
Denver Peaks,https://compete.tespa.org/tournament/111/team/25118,"daFunk#11980,ThatOneGuy#13745,Zonx#11880,Stray100#1487,Blazerken#1286,Kandrion#1906"
Zeta Nebulas,https://compete.tespa.org/tournament/111/team/24861,"Harmony#12164,Hickupville#11119,Cleric#11829,Vladimir#12118,Spider#1708"
NU Wildcats,https://compete.tespa.org/tournament/111/team/24859,"Joe10112#1298,TheBaconHero#1759,Keeks#1597,bullywug#11142,Groezy#1106,BIRB#11877,Gorom#1612,Ketsueki#11189"
Blue Jays,https://compete.tespa.org/tournament/111/team/25626,"SnB#11705,Spearslim#1512,TRGxMorty#1867,TARO#11180,Alstroe#1297,HanzoOppa#3543,wiruniverse#1836,Kukionfr#3270"
Citadel Gaming,https://compete.tespa.org/tournament/111/team/25113,"Majorpain142#1692,NukeWiz#1292,Hudsonfisher#1458"
FIU Team D,https://compete.tespa.org/tournament/111/team/24088,"SUNTheBaer#1767,LtChaos#11679,Chuckyboi#1594,Shadowsnek47#1317,Isaackiller#1612,TheDeadSea#11388,MotheJedi#1376,Spades386#1984"
Vikingwatch,https://compete.tespa.org/tournament/111/team/23064,Nath#1471
Salisbury Seagulls,https://compete.tespa.org/tournament/111/team/21784,Tristkitt#1367
Mike Hawk & Bill,https://compete.tespa.org/tournament/111/team/22550,DaveTheLuxon#1545
Alfred pioneers,https://compete.tespa.org/tournament/111/team/21781,HarryDairy#1486
The Blue Jays ,https://compete.tespa.org/tournament/111/team/25619,"MatoKuroii#1763,Dayspleen#1629,SigmaCai#1175,Suicune#11589,RussleSteel#11770,kevinmoon#1435,BillyTheKid3#11900"
UMN Gopherwatch 5,https://compete.tespa.org/tournament/111/team/25107,"Exio#1217,Guku#1557,Siouxz#11979,Pew#11280,Orion#11227,Synk#11634,Bonezee#1893,BBQ#11717"
UMN Gopherwatch 4,https://compete.tespa.org/tournament/111/team/25106,"RustyGoomba#1483,ETCetera#11133,TrickPlays#1142,PapaTriste#1756,xanthos116#1378,Cathect#11385,KrazyFlames#1719,marty#12618,Corey#12788"
Miami Maniac's,https://compete.tespa.org/tournament/111/team/21778,"TheGamer101#1478,Coolwhip#11327"
Sunlight Overdrive,https://compete.tespa.org/tournament/111/team/25617,"WhiteLotus#11575,Astrod1rt#1103,Weabuoy#1789,Zagoman#1813,Cruziquivex#1324,Dreown#1638,Seventive#1794"
The Lions,https://compete.tespa.org/tournament/111/team/21776,"MuffinzRage#1497,AmplifyRebel#1663"
KSU JV: Team Talon,https://compete.tespa.org/tournament/111/team/25358,"StingWray06#1835,Aeipathy#11604,LILILIYABBAY#1364,Muzaic#1281,Thunder025#1614,JohnFSwifty#1176,Thievius#11935,GoldDust#11327"
Tar Heals,https://compete.tespa.org/tournament/111/team/25100,"Ozoriah#1329,GlowDrago#1590,nick98#1234,Ryan#13981,Deeakron#1420,DirtyDan#1953,dotsy#11927,Lect#11529,Stroco#11922"
Hilltoppers,https://compete.tespa.org/tournament/111/team/22540,"Azura#12141,Beta#12163,Protagonist#11977,Houston#11959,Venomous#1876,arcadia#1709,Harbinger#1394"
FRCC Wolves,https://compete.tespa.org/tournament/111/team/22027,"CausticBlade#1471,KawaiiHyena#11662"
Solano Serpents,https://compete.tespa.org/tournament/111/team/22280,Pisces#11640
WMU Esports Gold,https://compete.tespa.org/tournament/111/team/21768,Beg#11701
UARK Esports,https://compete.tespa.org/tournament/111/team/23559,"DLDLR#1511,harrison#11566,Air#11337,Dakarta#1563,ElitePotato#11945,Bevs#21303,PheonixFire#11651,Cheoji#1170,Krakin#11726"
St. Lawrence Sharks,https://compete.tespa.org/tournament/111/team/24838,"FreedomDive#11132,Abyss#12442,snickk95#1448,Corvus#11325,MadDogMitch#11403,PokeXY#1463"
UofT,https://compete.tespa.org/tournament/111/team/24070,Dimes#11937
Olin Phoenixes,https://compete.tespa.org/tournament/111/team/22533,"gnochi#11285,Lemonscented#1259"
Panther Esports B,https://compete.tespa.org/tournament/111/team/24068,"Aloneso#11689,BubbleQuartz#1990,Kunoichi#11467,MORVOC#1355,bosspotato#11896,Rhaegar#11994,Antman#1242,DavyNeat#1505"
Try it out!,https://compete.tespa.org/tournament/111/team/21764,BossHog#11753
Tigers,https://compete.tespa.org/tournament/111/team/23043,Faygo#1658
LB Black,https://compete.tespa.org/tournament/111/team/21763,"Bpak#1439,Haiki#11444,OmegaSunx33#1762,Glitch#12626,Code#11753,Wabbits#1408,TrueTalents#1153,Unkn0wn#11110"
CMU Maroon Chips,https://compete.tespa.org/tournament/111/team/21616,"ZenaxeSilver#1221,Warlock#13445,Phoenix#19399,GZus#11888,Thaern#11548,Dusty#12803,Vexra#1581,VaingloryLFT#1512,WinterGlider#1439,BlakerDoo92#1385"
Spicy Spinoff,https://compete.tespa.org/tournament/111/team/24101,"Butterscotch#1422,DeadmanDuhhh#1604,ST3#11411,Rizy#11991,Prodigy#12114,Crameyon#1143,CHANEZER#1100"
GMU Patriots 3,https://compete.tespa.org/tournament/111/team/24094,"Earlyb1rd#1997,CritRole#1915,Deav#11161,DrMario64#1709,Tuo#11781,Dozi#1567,Amsi#11710,JohnProctor#11779"
RedTails Esports,https://compete.tespa.org/tournament/111/team/21629,"TMW#11684,SayMyName#11170,JollyEevee#1691,JoshGoggles#1456,BROEDYROCKER#1198,Triforce#11741,Pan#12722,S0RIN#1311,Necromancer1#11999"
LUCOW,https://compete.tespa.org/tournament/111/team/24076,"NotEaster#1812,LukeKapone#1544,Oatman#11864,spacesloth#1831,Nightrader#1615,YourMama#1151,Smalls25#11318,DI4BEETUS#1127,SexyShrek69#1241"
LonghornGamingOrange,https://compete.tespa.org/tournament/111/team/24065,"SlimGoaty#1374,Index#12932,EmmaLeeBee#1871,Forest#1866,darwin#1900,SaintSassy#1918,LgtWizard#1911,ACTUALPLANT#1971"
Longhorn GamingBlack,https://compete.tespa.org/tournament/111/team/24064,"PlsNoJunkrat#1802,Phantomshot#11188,Fhada#1464,miszt#1460,SoyBlanco#1192,Riddle#11535,Swellbow#1574,Ismae#11564"
Pirates,https://compete.tespa.org/tournament/111/team/21664,"Koogles#1857,BDP#11804,BBoy#11986,SlightlyTaco#1274,ThatPower#11903,Electrify#1920,SeasonBunny#1518,tokoyami#11545"
SMU Mustangs,https://compete.tespa.org/tournament/111/team/21620,"Archiphicus#1327,Maellic#1639,Delly#1569,VictoryVespa#1670,Theatrics#11594,Smackes#1320,Kryptsm#1905,hammerdoom#1530,aei#11704"
WeWannaBeTheTeam,https://compete.tespa.org/tournament/111/team/24013,"THEGUY19#1503,GwenHeadshot#1536,TheProfessa#1471,moth#11678,blue90white#1749,holligram#11912,MrPanda05#11193"
SPIRIT,https://compete.tespa.org/tournament/111/team/21736,"Pandamonium#1623,Toast#12593,inting#11910,RAFIKI#11203,jakey#11273,Dean23#11946,Infinity#13645,Esco#11674"
Trine Rain,https://compete.tespa.org/tournament/111/team/23781,"Augment82#1202,Androxus#1717,Apus#11225,TheTristanA#1578,Ahmshegar#1471,StraneAlpaca#1161"
The Grapes of Wrath,https://compete.tespa.org/tournament/111/team/21796,"Iyancat#1799,Koopaa#11582,Virus#12740,Xeledlegend#1815,NickyD#11305,ElectricB33#1979,SirDerpsALot#11744,Tumbleweed#11171"
Rev Up Those Friars,https://compete.tespa.org/tournament/111/team/21927,"Xerneas#11123,FriedRice#12259,CheeseArcher#1435,Edgetho#11418,amtyville#1900,Idette#1227,SoggyWaffle#11920,TalkSick#11682"
CLAW Gaming,https://compete.tespa.org/tournament/111/team/21893,"Serenity#12916,Excalibur#1269,Jethrotroll#1911,DreadMaster#11977,MokuNymfe#1338,DeeJay#11361,LotOfDamage#1567"
Flyboys,https://compete.tespa.org/tournament/111/team/21961,"Sparky19#11208,TheSheriff#11909,Gauntlet#12356,Kuragekami#1540,chrisj#1722,LucioMain#1897,mreeves5959#1492,Lui#11437,ElDewrito#1374"
#DefLewdGMs,https://compete.tespa.org/tournament/111/team/21722,"Xeneriis#1220,Mitsurugi#11196,Krocuta#1648,Shiro#12899,Mykonos#11581,xNightmares#1387,BettyWap#11408,Armsdragon18#1365,reaCh#1975"
Shanghai Ducks,https://compete.tespa.org/tournament/111/team/21707,"Phont#11152,kebs2617#1530,zjoereed#1817,Chubbyfish03#1414,GreyHounds#11735,ForTheHorde#16293"
UNG eSports,https://compete.tespa.org/tournament/111/team/21622,"Floop#11429,Anx#11287,wha#11994,queso#11636,Lukitu#11820,captainhook#11511"
Washington Esports,https://compete.tespa.org/tournament/111/team/21636,"Wizediablo#1683,Platypus#1707,Doggyalex#1937,Typo#1924,PotatoPie#11221,MuerteRoad#1455,Shiro#12757,Genzera#1683"
CC Saints,https://compete.tespa.org/tournament/111/team/21667,"LeMemeMan420#1999,SUPERHIGHRN#1942,SpicyBoio#1402,ShadoTempest#1858,anoob#1213,LuckyPro#1817,Swoop#11841,PepeHands#1683,ZeddicusRahl#1551"
OSU Overwatch,https://compete.tespa.org/tournament/111/team/22241,"resp4wn#1914,HattyKitty#1692,Bmkool#1909,Delly#11224,geiger#11798,Prosody#11697,Samuel#15653,Saucywalnuts#1470,holli#1767"
Gold Team,https://compete.tespa.org/tournament/111/team/22229,"Santa#11232,Oadevour#1363,Alvarocious#1841,Moisty#11407,Casty#11527,malikaii#11569,Heron#11276,Drop#11651,Storme0n#1811"
PSU Esports,https://compete.tespa.org/tournament/111/team/22213,"kodama#1622,joshawott#11691,Funtastic#1656,BHchicken#1450,Tatsuya#11702,Samstl101#1551,Sujo#4927,Kickinitlive#11783,Ramiel#11582"
NUES Overwatch A,https://compete.tespa.org/tournament/111/team/22037,"M4TT#11484,ComePatsy#1782,Woah#11995,Dogs#11149,Alionse#1571,billpika#1311,Blongo#11380"
Wayne State Warriors,https://compete.tespa.org/tournament/111/team/22023,"hubbins#11234,Lacrymosa#11749,hiyata#1984,Belladonna#11310,FireDragon#1874,AvatarRishi#1401,Starlight#1310,BakedPotato#11705"
CSU RAMS,https://compete.tespa.org/tournament/111/team/22011,"Robax#11945,Jorgeme#1484,PocketMei#1748,LonelyRoast#1867,Originity#1621,Process#11801,RumHam#11462,Lizax#1136,ALAISARY#1361"
ATU Fission,https://compete.tespa.org/tournament/111/team/21999,"ReinAndDine#1750,ǶGecko#1600,Cantrip#11572,TheQuacken#1184,Sharkolan#1424,Umbreon#11356,Harlahquinn#1710,QuackDaddy#11243"
C-SC Esports,https://compete.tespa.org/tournament/111/team/21908,"Praxix#1886,Talavin#1440,Buttercup#11280,ArfVader#1188,TheRedRanger#11954,Moose#13400,Viral#21688,venvert#1185,Rogue#14560"
Bellevue University,https://compete.tespa.org/tournament/111/team/21639,"Mercedes#11301,Noro#11882,wutt#1337,Dabi#11568,ElvenArcher#11219,Siegmeyer#11153,KapO#11147"
Tempo,https://compete.tespa.org/tournament/111/team/21888,"CodeDoritos#1646,thewill2live#11918,Wernher#11978,TheAlchemist#11634,Kookie#11183,owlid#1368,Dugtrio#1492,PrinceWilly#21198"
Nevada Esports Blue,https://compete.tespa.org/tournament/111/team/21813,"TheSaklar#1300,Very#1472,Joekster#11904,ohGrant#1806,GrumpyBunBun#1335,ZeKloud#1271,neb#11215,Price#1985"
CGCC Coyotes,https://compete.tespa.org/tournament/111/team/21797,"Silverlab#11873,casmid#1446,Lenny#11131,xonent#1761,etoh#11141,SNAKE#11422,SirRegi4th#1210,SupaBeans#1573,ItzCuzBatman#1467"
Elders Who Cry,https://compete.tespa.org/tournament/111/team/21773,"jhl#11105,Snug#11159,MrGoodham#1299,ĴonisonȒocha#1812,iolight#11793,cheetachyi#1859,AlphaKiwi#11375,squb#11412"
Brock Esports,https://compete.tespa.org/tournament/111/team/21760,"MinX#11517,Trident#11399,leocakes#1405,aplsos#11628,Macster#11267,Hoodie#11802,Sirah#11775,RiSo#11229,Flash#14305"
Saints Gaming,https://compete.tespa.org/tournament/111/team/21728,"Vintage#11945,DowlingxA#1904,DontTouchMe#1156,Singularity#11836,KingdomHeart#11614,MrDemise#11746,jubjub#11544,Recneps#1637"
Varsity Redhawks,https://compete.tespa.org/tournament/111/team/21727,"Gamjaa#1868,Glassxfinite#1372,Tobirama#11278,Sean#15613,Hubbs#1576,Qinku#1305,CSacc#1400,Varanice#1118,DoughBoi#11121,CoolJ#11902"
UNCC - A,https://compete.tespa.org/tournament/111/team/21823,"Stricker#1109,Dakota#12741,Mccreeman#1694,Bread#11989,Faiyah#1974,Kafka#11151,Feint#11907"
LC Leopards,https://compete.tespa.org/tournament/111/team/22249,"ChickenNinja#11268,PersonaZero#11869,samtederic#1202,VEv3rgarden#1330,Kiwi#12514,ValiantSnail#1915,TheBarbarian#1918"
Pachi Gang,https://compete.tespa.org/tournament/111/team/24050,"jPruzi#1829,Wombatz#11920,xRystal#11538,Nemacat98#1487,Pineapplez#1459,ninjatactics#1691,Rhyno#11682,WhoIsFitzy#1561"
The Jersey Blues,https://compete.tespa.org/tournament/111/team/22247,"RanaynayDash#1108,pienoodle#1942,kirbmister#11812,Mirana7Siren#1436,Webby#11431,Maka#12105,RedBlur#11697,Zrulliya#1853"
Clemson Esports C,https://compete.tespa.org/tournament/111/team/23590,"Setery#1679,username3181#1312,ram2#11471,wowhub#11407,SHUF4#1339,Heir#11104,CoconutKilla#1379,Jwood2000#1762,mixedguyty#1866"
Butler Bulldogs,https://compete.tespa.org/tournament/111/team/22628,"ZionSkyhawk#1999,Kihcner#1173,SilentStorm#179569,Crazymgee#11866,ChloricAcid#1690,Koll#1675,Seraph#12101,Vertscarz#1637,Phantasmatic#11376"
The Boozel Boys,https://compete.tespa.org/tournament/111/team/23514,"Gigabyted#1696,Dakota#1132,ShizuChan#11193,Sleeve#1768,JTHousek#1556,BubbaGump303#1956,rocksalesman#1489,Stylez#11378,UniqueSound#1163"
SHU Saints Blue,https://compete.tespa.org/tournament/111/team/22758,"hollywood143#1749,Hwat#11121,ShuToby3#1680,Sk1091#1372,DukeOfHam#1500,Reptoknight#1146,akaYoungMan#1284,SHUKeithyDud#1516"
SHU Saints Yellow,https://compete.tespa.org/tournament/111/team/22774,"Lissyhammy#1380,LadyLuck#1969,DailyMae#1436,SHUEggyTeen#1535,DieselWeasel#11243,Hwat#11121,Nick1122#11441,IOnlyPlayRL#1666"
PSY Thundercats,https://compete.tespa.org/tournament/111/team/22795,"Dgraider#1645,Sinneli#1240,Deydissen#1713,hurasu#1978,zmmmmm#1660,BRitTany#12938,SAPIEN#11323,campu#11918"
Feline Fury,https://compete.tespa.org/tournament/111/team/22799,"drag0nheart#1573,Pixelite#11642,BlueJay#11694,mom#12148,CaseyCarter#11598,Codex#1399,Rounity#1805,GrumpyKitten#1121378"
GT D Team,https://compete.tespa.org/tournament/111/team/22823,"Pentatonic#11943,monger#11845,r4zrbl4de#1366,Hydrakorr#1609,IceMoon#11903,Kousei#11103,TooMuchKills#1648"
CWRU secondary,https://compete.tespa.org/tournament/111/team/23596,"MercyMainBTW#1437,Xanthophyll#11918,Fukurou#21794,Potato#14294,ababababa#1855,Instian#1421,BeanBagel#1636"
NoTilT Pokes,https://compete.tespa.org/tournament/111/team/23157,"Squarehead24#1278,Wherid#1622,unownE5#1222,TwentyTwo#11407,Gregataur#1635,DougCrab#1868,Flux#11307,Epicository#1999,Eleron#11885"
Sea Team,https://compete.tespa.org/tournament/111/team/22837,"Metlover#1972,Aloha#11137,Jibril#11453,Squagnar#1448,Cogamma62#1836,Dyanosaur#11733,iDraco#1668,derko#11715"
UNCO Gold,https://compete.tespa.org/tournament/111/team/22914,"ceziun#1479,BigMacAttack#11261,Myrtenaster#11963,Wenny#11498,bees#11277,redpanda#12718,Cikker#1814,Skimm3r#1825,matisyahu22#11410"
Fighting Bees,https://compete.tespa.org/tournament/111/team/23127,"BoClue#1261,sola#11520,ａｌｏｎｅ#1738,Del#11468,Ashric#11280,IcHoR#11961,Bowie#11926"
MVC,https://compete.tespa.org/tournament/111/team/23000,"CoachD#11873,Falcon#13374,SlicedTomato#1477,xRAGNAROKx#11555,kimmiso#11633,Vertigo#11427,Dyce#11697,BaseGodNosta#2423,AverageMage#11236"
Stonehill Skyhawks,https://compete.tespa.org/tournament/111/team/23078,"triplebruin#1853,datshaw#1583,Pyrover#1992,JeffOfJeffs#11989,Shrub#11124,Tomakratis#1398,YipYip#11392,TrashBaby#11577,Choperman#1230"
Fire Ants,https://compete.tespa.org/tournament/111/team/23061,"KP6#11868,Snarkisha#1255,McGIBlet#1894,Cryos#11889,Gh0stboy72#1334,MagicTurtle#1115355,ProSwampfire#1134,Kellz#11604,Eclipsa#11934,Skittlez#11813"
Warrior Esports,https://compete.tespa.org/tournament/111/team/23147,"GigaBrain#1959,Unexpectd#1243,Urn#1995,Krigaren#11593,BSAlien#1247,DeBo#11911"
UNLV B ,https://compete.tespa.org/tournament/111/team/22155,"ryu#13685,ErickSharky#1276,Julian#1144,Icon#11225,Supermegajoe#1643,Neenja#11578,RedShiftFish#1500,bunbab#1641,CrazySchnitz#1968"
TTU Gold,https://compete.tespa.org/tournament/111/team/23617,"mentiLive#1222,JustHud#1538,StollenTorch#1632,Drcool#11403,Volheat#11565,Benacales#1135,gandork#1597,Ravioli#11514"
Averett Overwatch,https://compete.tespa.org/tournament/111/team/23645,"sKitzRaven#1532,nedet#1833,SilentStorm#131784,NightKnight#194624,CamoNinja#11575,Rachniphobia#1315,ComboBreaker#11175,Scrubbyy#11981,bf4hunnid#1985"
Villanova Wildcats,https://compete.tespa.org/tournament/111/team/22253,"JDubStep99#1644,IsThisGoFish#1361,Fez#11941,wattersson#1679,JJThunder16#1680,halo0516#1726"
Baylor Green,https://compete.tespa.org/tournament/111/team/23998,"skyhawk634#1264,Rayy100#1722,Duke#1201,maxis99swat#1938,LOS#11525,IncredblHunk#1146,SanPolaris#1565,Liquid#12159"
UTK Esports,https://compete.tespa.org/tournament/111/team/21608,"Tremilo#1279,Senath#1559,Kirbzz#11755,Chaoskyurem#1760,Corvus#11592,AlphaLandon#1837,Thefightdude#1596,beef#12630"
Stanford Trees,https://compete.tespa.org/tournament/111/team/22267,"aceofbass99#1373,AXD6#1998,Luxalke#1697,wutermelon#1448,ATLAS#13610,DKPaladinMDL#1327,slyninja33#1679"
Voyageurs Esports,https://compete.tespa.org/tournament/111/team/23968,"MayMay#11145,Flow#11171,Sextopher#1895,Chikn#11495,Bromain#1339,TheCanadaInu#1860,Quest#11833,DJMuffinz#1354,Midknyte#11234"
UMD Wolverines,https://compete.tespa.org/tournament/111/team/22313,"ĿŜD#1350,goose#13626,Broadway#1425,Celestial#1670,Overwatch#16280,M1chiman#1775,TheRockers#11824,CamBam#11123"
Trine Lightning,https://compete.tespa.org/tournament/111/team/23775,"JordanKnight#11711,Bonecrusher#12587,RandomUser14#1982,sparkalic#1866,MsGrace12#1334,DarthClovek#1830,Ayyylmaoboi#1412"
Lees-McRae eSports,https://compete.tespa.org/tournament/111/team/22337,"TheBrock#11792,Ouro#11588,Morinoia#1307,Lordmoff#1262,BinaBeanbag#1367,Ovenish#1711,Vortex#12370,Persuasan#1279"
NOVA Nighthawks,https://compete.tespa.org/tournament/111/team/22558,"ECshuffle#1292,ProEra#11509,Aeonui#1674,Brunden#11605,Charlantis#1994,SkyArii#1547,Peppersqueak#1879,Moose#1950,bun#12446"
Houston White,https://compete.tespa.org/tournament/111/team/23738,"Gumbers#1872,Aaron#11521,NotAylaMao#1834,NathanN#11819,chrisnwho#1162,f7avor#1962,Spongedice#11323,Yaruki#11714"
Hard Rockers Team C,https://compete.tespa.org/tournament/111/team/23690,"Trovoski#1654,Strykerdude#1191,zeph3r#11352,spyguy1503#11541,Karklum#1204,EN71#1898,NeuralDog321#1410,Sheep#12312,sixwat#1529"
Hautian Commotion,https://compete.tespa.org/tournament/111/team/22471,"TacoCake#1807,DOŪMAK#1524,Muttly#11587,Wilson#12100,daisyvale#1407,Spaceyyy#1730,FizzyElf#189635,OMEGALUL#1621,LordWyvern#11337"
Hard Rockers Team B,https://compete.tespa.org/tournament/111/team/23672,"Zentys#1426,Vaend#1506,OnlyBennett#1355,Chese780#1807,PotatoDragon#11897,ToonWarlord#1678,Canaan#1656,TrashMouse#1381,BillyTheKid#11384"
Warriors,https://compete.tespa.org/tournament/111/team/22492,"PeterKlaven#11264,Monika#12122,Mad#12852,DrgnSlyr9001#1929,daddyjj1561#1396,ThunderPrime#11485,Executie#11463,Irelandsfox#1910"
Clemson Esports B,https://compete.tespa.org/tournament/111/team/23659,"SleepyBeaver#11873,KNACK#11839,Nut#12634,Lyishi#1861,CliffordTBRD#1100,KACHOWKACHOW#1283,Ryzer#1654,Requiem#12916,FullSend#1532"
Houston Red,https://compete.tespa.org/tournament/111/team/23653,"StealthNinja#11976,Jewfro#11445,Hanzo#16391,Devilswork#11280,Swaggyqing#1130,cinos#11617,Chauno#1943,KatSohma#1211"
TU Green,https://compete.tespa.org/tournament/111/team/22539,"blacksheep99#11238,EpicEvan357#1311,Joker#111658,Opponent#11750,Jozizi#1975,Igasho#11520"
CWRU Crew,https://compete.tespa.org/tournament/111/team/22344,"arbitrary#1465,Tivid#11277,PARANOID#4355,RadDad#11674,BlueCrimson#11591,Chaser#11531,ǸǾHanzoǃǃǃǃǃ#1296,KAY#12111"
CMU Eagles,https://compete.tespa.org/tournament/111/team/21693,"Duckdistrikx#1637,DeApocalypse#1553,Xanpanman345#1457,AtomicZR#1126,EagleTalon#11234,W4iL0RD#1383,Cupcake#12706"
MKE-eSports,https://compete.tespa.org/tournament/111/team/22414,"Specs#11360,CorrupT#11757,SyrJirk#1617,Kazi101#11364,Aaron64#1367,Taylour#11746,Spiders#11972,Neishy#1555,LuniGoonZ#1857"
Meme Dream Team,https://compete.tespa.org/tournament/111/team/24558,"IBallErrday#1228,VermilionRat#1611,YJPlays#1523,Pilow64#1314,iSparrow#1134,Devastator#1584,Pan21#1589,Ironhan#1969,Selkieboy#1910,finches#11691"
Maryville University,https://compete.tespa.org/tournament/111/team/22368,"TWISTan#1368,snooze#11741,AXEL#25467,Rat#2968,Guru#11168,Mac#1512,Aether#12627,Hypnott#1559"
UWOT,https://compete.tespa.org/tournament/111/team/24556,"pyrexshorts#1413,TaeHyung96#1153,Lacked#11784,Kamii#1427,Damo#1899,Nexifyy#1123,VapourWave#11146,Att#11213"
Sad Cowboys,https://compete.tespa.org/tournament/111/team/24156,"Dantes#1381,Unforgiven#1553,Bonkers#11417,Fusha#1277,IntoTheWoods#11243,Babysheeps#1907,RealisticEmo#1596"
KSU OW team #3,https://compete.tespa.org/tournament/111/team/24852,"Stephen5311#1784,Mjölnir#11547,PhantomX#1752,HeileMich#1219,Gunnarmain#1353,Kossine#1149"
Stony Brook eSports,https://compete.tespa.org/tournament/111/team/24142,"Phelix#11938,Wongsky#1129,LongDickens#1888,Jokerbun#11563,TunaBanana#1826,Edjoe#11256"
Cougs,https://compete.tespa.org/tournament/111/team/24868,"Gon#11656,waffllly#1822,MuffinDefile#1527,jmcoop12#1395,Alosinger#1493,Lansky#11797,bootychef97#1494"
Spartans,https://compete.tespa.org/tournament/111/team/24133,"AchingLake2#1770,RhinoKing#11821,Cyclaw#11182,Holtster#1384,Shurkle#11723,Ranger#12794,GearUp#11302"
Tigers Esports,https://compete.tespa.org/tournament/111/team/24576,"RKT#11418,MaPil#1330,Michaxu#1794,Confidence#11419,Entebbe#1846,boppetson#1371,CCSwanky#1340,BellaBoo#1259,Pentsworth#1459"
Birmingham Steel,https://compete.tespa.org/tournament/111/team/24128,"MoisterLoist#1711,TyTheHusky#1789,springbreak#11185,YEETMaster#11840,Gnomes#11638,Mayne#11646,megamilotic#11515,ComanderComa#1338,BHMSTL#1685"
ODU Esports Team B,https://compete.tespa.org/tournament/111/team/24900,"HyprCalamity#1744,Ljskatergirl#1231,KidKevin#1393,ArkarasX#1992,SirReginald#11972,HimawariTeno#1653,ItsChoco#1999"
Eagle Esports,https://compete.tespa.org/tournament/111/team/24113,"CAPS#11920,GodofCanada#11464,Piksyl#1949,Gingerslush#1832,NoPancakeMix#11124,（つ＞ｗ＜）つ#1127,Bagelzzz#1359,Ozma#11759"
UNG B,https://compete.tespa.org/tournament/111/team/24112,"MiniNinja#11829,Mega#1848,EmilyB#11375,dolops#1667,Zealox#1600,salsa#11864,ImTheLorax#1164"
ATU Fission Gold,https://compete.tespa.org/tournament/111/team/24914,"Reila#11831,Haughty#11301,SatanChrmndr#1468,flams#1218,PollutedWolf#1238,HyPaladin#1375,Belzar#1770"
Rams,https://compete.tespa.org/tournament/111/team/24108,"Atryu#11965,Justin#16255,Cyphusb#1251,KiltedZerk#1974,Lemon#12468,Wolfzgang#1274,miRAGE#12185,finatic2112#1209,Hockensprock#1835,darkmoon#12640"
KT,https://compete.tespa.org/tournament/111/team/24820,"Brick#11395,CroutonMastr#1986,maddawg99#1910,ImPickle#1971,senorlol#1419,maddawg99#1910,Banner#11226,y0shi1#1794"
UMN Gopherwatch 3,https://compete.tespa.org/tournament/111/team/24919,"Duelma5ter#1285,Strud3l#11694,Centurion#11247,milk#12219,PewPewPew#11936,ashiftyfish#1169,Plox#1748"
The Green Team,https://compete.tespa.org/tournament/111/team/24891,"Locus#12346,Qopster#1453,TheSoloRider#1395,FortyBwing#1972,deltadelta#11476,SugarShots#1733,dudedude44#1553,Lyzerian#1879"
Marist Red Foxes,https://compete.tespa.org/tournament/111/team/24922,"nPPredator#1100,Faeryn#11265,Harmonix#11590,Chancer#11962,Cabbage#12327,Vertigonic#1345,Emerald#11446,Sevi#1970"
Packimaris,https://compete.tespa.org/tournament/111/team/24630,"Soarin#11502,p0ng#1276,Ani#12744,DankMemes#1974,Parallax#12280,Gray#1286,Swift#11381"
Aggie Gaming Gold,https://compete.tespa.org/tournament/111/team/22796,"Jus10#21205,Tee3cat#1517,FRAUD#1619,MeaL#1909,Sistahopp#1946,Ayomo#1440"
MSU Bulldogs,https://compete.tespa.org/tournament/111/team/21734,"KaChing#11905,JacQ#11370,Flonson#1575,cob23#1499,Proxxcimity#1437,GibusGod#1603,zuero#1684"
GCU Esports,https://compete.tespa.org/tournament/111/team/23638,"Ninjacat#1668,Pawp#11376,SubZer0#1985,Sody#11709,TheLegend27#11297,DSPJeff#1141"
Defenders of Geisel,https://compete.tespa.org/tournament/111/team/21754,"Christrinhaa#1839,huynhy#1965,TobyKinte#1404,katarina#1591,hajime#12216,Apprentice#11552,Genesis#12877,Jinora#11436,jorstin#1173"
UCF Gaming Knights,https://compete.tespa.org/tournament/111/team/21691,"Guadalupe#11168,Richard#1211,Frisk#12518,Vereki#1177,st0rm#11464,Recurve#11290,Arfie#11161,Matthewty6#1204"
HU Storm,https://compete.tespa.org/tournament/111/team/23136,"Masq#11840,ŜŴǀŜƕ#1827,Günther#11799,ȒeŦNŬƕ#1994,AutumnSouls#4788,Crate#11472,Vinpin#1164"
Lambton Lions,https://compete.tespa.org/tournament/111/team/24030,"Lewti#1298,JayWalker#11678,borbo#11623,InZainity#1238,Dream#11722,Josiad#1950,ReinDown#11661,CommanderIce#11529,Ziraldork#1151"
Squagnar,https://compete.tespa.org/tournament/111/team/22923,"hEHEHEhehEHE#11537,Juiceice#1136,Peachachu#1425,Daughter#11312,BibimbapBoi7#1866,Kablooey#1637,YOƗKES#1749,Jax#12645"
Utes Red,https://compete.tespa.org/tournament/111/team/24080,"FlameTurtle#1599,cyn#11949,Tettrum#1680,Evee#11183,DǞddyJǞy#1823,Hollow#11444,Coolabc#1664"
FSU Crab Legs,https://compete.tespa.org/tournament/111/team/21637,"BEEEEEEEEERT#1571,Chrike4#1309,Maxwell3000#1724,Player#14460,Carroway#11791,Mystiic#11816,Twig#1883,Janex#1154"
Utes White,https://compete.tespa.org/tournament/111/team/24081,"CaptainBabe#1186,Nightmare#15769,Mutitone#1761,Furry#11202,Greenee#1965,Enspyr#1916,Zombee#11210,CXDave#1106"
Ole Miss Esports,https://compete.tespa.org/tournament/111/team/23006,"Prince#12965,KingOfDing#11644,SamL#11384,JBob#11852,Zephyrus#1303,DoubtBear#1925,Advait124#1814,fofoso#1795,Eclipse#13500"
Highnoonlanders,https://compete.tespa.org/tournament/111/team/21623,"Abadio#1943,ScarletSoju#1920,Sickist#1531,Whiskey17#11883,Konrad#11273,quadcore#1395,Kake#11110,SpyFoxy13#1669"
Orange Coast College,https://compete.tespa.org/tournament/111/team/21617,"Needler#1877,Slayergramps#11606,JETJEL#1208,Parjüny#1639,Chicken#12317,EuphoRia#11676,Icyyy#11912,Ikigai#11665,Neefgi#1863"
Grand Canyon JV,https://compete.tespa.org/tournament/111/team/24105,"TRUEBIZARRRO#1818,Fizzer#11648,BADZ0mbie#1645,Ninjamouse#11167,FilthyFoss#1974,Noki#11693,whiskers#11323,cuddlemaster#1309"
Raw Backpack,https://compete.tespa.org/tournament/111/team/24014,"Yee#11621,Capitiano#1253,Schonse#1801,Smokus#1364,ShotYu#1835,Expheril#1475,Skarm#11142,EvilMonkey#11668"
Amherst MinuteMen,https://compete.tespa.org/tournament/111/team/22058,"DrEvilsPjs#1349,Swyke#1376,maliahh#1347,pripensi#1574,Marember#1168,amiiigh#2462,Disgrace#11340,Pheonix#12131,loosh#11264"
RageComicEnthusiasts,https://compete.tespa.org/tournament/111/team/22124,"mebe0#1663,Reeeeeeeeece#1872,Chip#1318,Killshot#11368,TheSeeker#11718,ViPER#13487,switchblades#11972,Terabight#1493,LEGITBUZZ#1521"
Carleton Ravens,https://compete.tespa.org/tournament/111/team/21614,"lafon#1272,Jacklorf#1149,CUfitzy#1607,Sisuth#1900,ǃǃǃǃǃǃǃ#1226,TwitchySDW#1625,Tyroan#1220,Diloxrocks#1263"
RU Rams,https://compete.tespa.org/tournament/111/team/22544,"HotDog#11998,Fraadchikin#1742,MemeDaddy#11716,Broccoli#11645,Hasty#11515,PlutoSan#1935,Zavya#1695,Diego#15325"
UCLA OW JV,https://compete.tespa.org/tournament/111/team/22559,"Zavvick#1467,foxface#11679,AnotherDax#1497,Pip#11335,LTsoxs#1692,jakelele#1713,OurBlueSkies#1228,Employee427#1608,Aeriger#1652"
UH Premier,https://compete.tespa.org/tournament/111/team/23656,"Eternal#1759,LeeMonWei#1618,Tommy#14381,woof#1174,LeggoMyEggo#12240,Nefas#11431,Machew#11650,dooran#11345,DangerWaffle#11195,QLAC#1962"
Drexel Dragoons,https://compete.tespa.org/tournament/111/team/23608,"Nicktully#1427,Fhenix#11904,hitscan#11941,DarkStar#1654,HomelessBill#2677,OptimalShot#1301,Toothier#1394"
:-),https://compete.tespa.org/tournament/111/team/21609,"SolidJOE#11330,center12#11983,Juannie#11775,ǶKOREAǶMAN69#1358,isona#11265,Varun#1302,Ahlekss#1429"
NYU Ultraviolets,https://compete.tespa.org/tournament/111/team/21624,"Zephynel#1584,Mario#13710,tang#12918,Ronacalu#3717,Vent1narc#21667,rapierpoint#1229,ImmanuelCańt#1384,izone#11446"
USC Trojans,https://compete.tespa.org/tournament/111/team/21628,"FlipFoneRazr#1609,SolidGhost#11693,dingpai#1478,kingofmars#11716,Wolf#17107,Diego#41109,Kemerd#1745,Phydon#1273,Cubby#12686"
The Lion Pride,https://compete.tespa.org/tournament/111/team/21643,"Hamop347#1626,Abra#11183,PawFetish#1870,JaxnRaxnTaxn#1560,Mehster#11224,Blue#16769,Chadric#1247,Luxeray#1417,Joelpie#11193"
DPU St. Vinnys,https://compete.tespa.org/tournament/111/team/21644,"MrPikPiks#11773,Ƕ018#1876,sebio#1255,PRIME#12383,Blitzbolt#1790,zPanduh#1688,EchoLoco#1558"
KSU Varsity eSports,https://compete.tespa.org/tournament/111/team/21666,"MaximusAX#11252,SendIt#11548,Nocturnal#11752,Nil#11431,Washed#11881,The8#11859,NOXNIN#11420,Joshie#11293,TyrantPanda#11276"
GO BEARS!,https://compete.tespa.org/tournament/111/team/21670,"Badger#12972,VeniVidiVici#1186,TJRaw#11743,DarkBonesXD#1680,LittleHunter#1369,Boop#11759,CruelAlec#11367,Starsought#1256,youngneil#11300"
Coker Cobras,https://compete.tespa.org/tournament/111/team/21712,"rudyj2112#1653,Veliicelis#1722,Smite#11112,Shammy#11373,Misto#11765,SaltyWolf#11857,KiraSterben#1481"
ECO,https://compete.tespa.org/tournament/111/team/21738,"Stormyness#1794,AustNSpace#1706,Karzon#1962,Burnpups#1660,ĿȆǠƑ#1533,Urchin#11208,Bebop#12348,Bear#13482"
Team Blue,https://compete.tespa.org/tournament/111/team/21792,"Aoba#11813,ClearSkies#11651,pugster#11799,stevj25#1302,Delta#12183,Cloasi#1744,reredots#1933,King#13330"
Huskies,https://compete.tespa.org/tournament/111/team/21827,"MrGotGame#1588,Viktorium#11655,mds500#1634,gamenerd#11599,blackflip#11108,PlayMaker#11183,Forewarn#11404,DABǃ#1698,BeautHoliday#1222,Macruss#11458"
Varsity Blue,https://compete.tespa.org/tournament/111/team/22519,"Sulpan#1534,BoiseStateU#1243,N3rdyBird#1712,Why#1228,Food#11354,DALEBOW#21336,Phoenix#19714,CBMX#1759"
Overbark,https://compete.tespa.org/tournament/111/team/21906,"Cryss#11687,ǃIQǃ#1209,Tarantula#1235,Mjölnir#11801,TheLaw#12722,Waddlewat#1988,SnakeShesh#1502,Kuudo#1886,Papismooth#1336,TheAznDVD#1472"
Bad Triangles,https://compete.tespa.org/tournament/111/team/22074,"Rkingr#1381,Blank#14580,Lifeline#11710,Sharp#12664,Shök#11959,SirConPat#1276,BaraDaddy69#1480,PERURoCkIn#1431"
Highlanders,https://compete.tespa.org/tournament/111/team/22096,"ConnorNFL#1172,QDub#11857,TopsideHorse#1690,Kolas#1952,basedad#1150,Kreg#1225,starrimi#1109,CBSuperhero#1329,Audicy#11542"
MSU Spartans,https://compete.tespa.org/tournament/111/team/22134,"Weepboop#1416,Tripleeph#1119,Mershmalloh#1225,ThrowKane#1304,Hankok#1939,elymsu#1368,Lucius#22694,WhiteŖose#1565"
FHSU Esports,https://compete.tespa.org/tournament/111/team/22284,"Mcdoublezz#1100,BadgerBlue#1636,Tanman11#11819,BOOYAHBOY#1319,Vynaraz#1768,Fin#11340,Framer#1956,watanabenico#1813,ADMSnacbar#1217"
Big Hooters,https://compete.tespa.org/tournament/111/team/22288,"cluckblaster#1980,Nadester#11507,Pyrotime#1436,Eric#16775,B4C0N#11902,Striby#1300,Grandli#1220"
Shawnee State Bears,https://compete.tespa.org/tournament/111/team/22302,"AnEskimo#1592,SunMilk#11254,Deme72#1744,HRPrime#1985,AlbertNemos#1871,HellFyre#11445,Phinnick#11493,dupider#1396,Gamstr1234#1648"
App State Black,https://compete.tespa.org/tournament/111/team/22311,"nuBKi#11886,matt12ader#1667,Mui#11755,AstroJay#1435,Carroty#11737,Mossino1#1686,SaltySpitoon#11836,Linguinimo#1598,Loohq#11591"
BEC,https://compete.tespa.org/tournament/111/team/22333,"hansel7399#1274,Robitz#11962,HadAField#1189,DarKAss1ss1n#1281,Criwl#1598,DrDoHicky#1625,illsurvive5#1357,WeRSpecial#1358,Wahsu#1748"
Tiffin Gold,https://compete.tespa.org/tournament/111/team/22358,"Bl3ckJ3ck#1674,Plodeer#1542,Unknown#15420,DovahKriid33#1688,Macabre#11200,WhamSauce#11820,Keebler#11420,dewatt13#1717"
ACU Esports,https://compete.tespa.org/tournament/111/team/22396,"Draxan#11390,Mrbobsparks#1676,FinchofLight#1634,Seedes#1230,PacoDeTaco18#1451,Lendis#11364,hardcakes#1133,Ronin#13725,MajBrian#11897"
WVU Mountaineers,https://compete.tespa.org/tournament/111/team/22456,"XxTorbjornxX#1649,TheBraveMonk#11793,TWENTYONE12#11515,Ginofran#1476,Shipster#11456,CMoneyWilson#1406,Virus#1425,GuardianJim#1636"
The Bench,https://compete.tespa.org/tournament/111/team/22493,"HEAT#11537,Valor#11240,TrollsOnIce#1927,ApexNova#11177,Piggyfairy#1414,Corv#11256,tourches#1588,MirrorMaru#11859,Rhipp13#1105"
Stinger eSports,https://compete.tespa.org/tournament/111/team/21941,"BasicTaq#1423,GIGA#1607,Sweg#11909,Phantastic#11563,Meaper#1309,UniqueNguyen#1374,OMI#11362,Jfeldster#1316,Karenna#11728,ANAONLY#1662"
Tempest,https://compete.tespa.org/tournament/111/team/23044,"perchy#11230,Hadoken#11607,Kev2298#1264,PlainNsimple#1852,SwiggyDeSwag#1427,Forgive#11454,Flocculency#1240,MuffsEz#1797,Bizzy#11639"
KSU JV esports,https://compete.tespa.org/tournament/111/team/23983,"Superfos#1980,monsterhuey#1944,Nips#11220,RGSilent#1165,Tito#12460,Voltage#11371,GopiApleJuce#1891"
Trine Thunder,https://compete.tespa.org/tournament/111/team/23777,"Nataan#11699,Ironman007#11699,Dragghon#1393,LabTester#1917,GOOSE785#1253,ShoMcNaughty#1541,MrJaeger#11826,jehoshaphat#11370"
UK Wildcats,https://compete.tespa.org/tournament/111/team/23657,"Blake#13167,asimmovania#1124,Awkbird#11283,Solace#12241,ProdigalBuns#1961,Dreaw123#1236,Hiltzaile#1802"
RPI Red,https://compete.tespa.org/tournament/111/team/23719,"ibJack#1313,Yuqi#11524,BeefCake#11492,Raegan#1347,Heroicos#11933,Zakuub#1366,DaddyDerek#1935,YUT1NG#4171,Whiterun#4916"
TTU Purple,https://compete.tespa.org/tournament/111/team/23740,"Beepobee#1544,Godzilla#12975,Flame#12544,CAMouflage10#1318,Sinatraa#11563,NightKnight#191151"
Trine Storm,https://compete.tespa.org/tournament/111/team/23776,"Chihuahua97#1823,Glaceon#11825,gmo#11159,GhostDog#135738,Kamieater#1136,ZeusKing333#1887,Elepyr#1844,Stego#11861"
Altorfer's Avengers,https://compete.tespa.org/tournament/111/team/23049,"anna#12480,Goldbananas#1687,Raincloud#11810,LethalMouse#11416,MarLap2000#1941,Triceratops#11545,Burnttaco77#1845,stik#1765"
MGU-E,https://compete.tespa.org/tournament/111/team/23946,"GoldenArcher#1171,Yam#11305,MVPanties#1414,adorbs#11897,Toxic#12488,Daft#11336,Paruhlyzed#1451,SirReal#11571"
MSUCompetitiveUno!,https://compete.tespa.org/tournament/111/team/23959,"beef#12894,HammerDaddy#11521,EggplantWiz#11747,Doodles#11682,ĿibraryGuy#1992,yukihulk#1835"
Lethal Lions,https://compete.tespa.org/tournament/111/team/24015,"Linkzz#1265,WarHawk#1176,Mist#11738,Pacific#11535,ACK#1741,Lu10entdan#1942,Piper#11981,gungranny#1324,Prasinus#1179"
VGTC Dad Bods,https://compete.tespa.org/tournament/111/team/24031,"BookerDeShaq#1569,Lean#12681,KirbyMain#1385,PapaShameful#1438,TheChunks#1504,Rose#14715,Photon#11745"
CSUN Seijoh,https://compete.tespa.org/tournament/111/team/24042,"Froman#11430,Killager1598#1837,akaTK#11761,UnAverage#11889,Level#11866,duhflyinheo#1720,gh0stface#1100,rat#11394,MisterMellow#11408"
Longhorn Gaming,https://compete.tespa.org/tournament/111/team/24060,"WeirdManiac#1638,Bean#12278,KsDuBB#1610,Spectre#1189,Shift#11468,Jorg#1448,CHIEF#12841,eyekenspel#1604,Faylynne#1193"
Principia Esports,https://compete.tespa.org/tournament/111/team/23652,"bionicbubble#1921,Mypetcactus#1334,Kipster12345#1382,Dodor#1673,PTLGEORGEYYY#1183,AetherAero#1383,kash#12825,Jackattack#1101"
OIT eSports,https://compete.tespa.org/tournament/111/team/21656,"Vertex#12181,relaxv#1951,DragonzBallP#1887,Shakedown#11431,PoopPeach#1217,Zyphex#1951,DeusKai#11590"
Hard Rockers Team A,https://compete.tespa.org/tournament/111/team/21820,"LostScythe#1717,momomatthew#1823,Night#12943,Cimota#11593,Why#11918,Cheetamane#1554,adreaux#1883,HowCatIfDog#1711,Scroatoan#1289"
Schreiner Esports,https://compete.tespa.org/tournament/111/team/22370,"Joek227#1759,Polymath#11137,BlueSkysRise#1884,TMOL#1959,Xhante#1594,KrypticLord#1716,zStarScreamz#1564,Fr0#11967"
DSU B Team,https://compete.tespa.org/tournament/111/team/23010,"Hotshot#12373,HawkAngel#1364,Gamechanger#11105,Twisted#12767,DerBear#11352,LaKruz18#1585,Durthang#1701,Kork#1318"
DSU C Team,https://compete.tespa.org/tournament/111/team/23930,"MasterTater#11700,CJP#1539,dograap#1431,Babyeggz#1650,Paypre#1532,Elrad#1108"
LU Navy,https://compete.tespa.org/tournament/111/team/23980,"Broccoli#11393,Arogon#1568,GhostWritr#1272,Breach#11360,JorgenSnap#1988,Twinsniper11#1463,silvertorent#11480,yourdaddy#11256"
Mountaineers,https://compete.tespa.org/tournament/111/team/24018,"FedoraFrank#1148,Evernight#11869,LeyDud#1712,RichHill#1999,Nargakito#1171,DrinkWater#11636,Yongglee1#1455,WolfPack#11508"
Baylor Gold,https://compete.tespa.org/tournament/111/team/24023,"ShadowDoggo#1921,JDBUTERTOAST#1960,KentoBento#11858,Spybacon#1520,LazyLoocoo#11646,Chuck#13596,Super#12305,Drauoner#1297"
GMU Patriots 2 ,https://compete.tespa.org/tournament/111/team/24048,"Spooky1013#1429,Đìvah#1498,BabyMarioDS#1511,TuanDinh#11358,CNmomoPeach#4358,Judast#11515,Choppy#11409,Saqib#11639,comc909#1910"
FSU Crab Legs Gold,https://compete.tespa.org/tournament/111/team/24052,"GuardianMAD#1715,Popcorn#12943,Gambit#12867,zivathediva#1348,SomeGuy3239#1745,Mig#11757,MellowPanda#11770,CeleryMan#11535"
UNT Mean Green,https://compete.tespa.org/tournament/111/team/24087,"Moose#14664,Samston#11240,FierceSerge#1901,CapnKarlos#1915,Riverlucky#1155,TKB#11608,neblio#1466,McDanells#1268,Joe#16928,CliqueAsFric#1864,Executor#1187"
George Money,https://compete.tespa.org/tournament/111/team/24096,"GunfighterJL#1828,HamsterQuest#1270,Initials#1457,Tux#11680,HKLee#1384,SupaFresh#11114"
Overwhat?,https://compete.tespa.org/tournament/111/team/21759,"Titan#11823,ShinDinGo#11146,Hina#11213,mrkrazy123#1681,Cowswillrule#1395,Doppio#11869,Kilamonkey#1259"
UNCG Alpha,https://compete.tespa.org/tournament/111/team/23633,"BlueRanger#11328,Dobby#11933,lostphantom#1313,Cornbread#11346,Gent#11969,ThirdDegree#11637,BroDOTcom#1196"
Panther Esports,https://compete.tespa.org/tournament/111/team/21607,"TheSteamPunk#1613,MercyMainBtw#1588,nür#1685,Rom#11349,DǍŊŦȄ#1458,Pure#12574,Junkyard#11994,Matus#11457,SubLemon#11811,Selppa#11237"
Washington bSports,https://compete.tespa.org/tournament/111/team/23142,"MadPigDiseaz#1547,SNWDRFT#1861,Artusha#1971,Daisy#12601,SADKITTEN#11118,fidibrulo#1973,Mrboxter#1232,Carolina#11412"
CSUN Nekoma,https://compete.tespa.org/tournament/111/team/23544,"Taniichan#1458,Tpro4#1444,Murr#11627,MrChikenLad#1459,Skippy#12719,HiroSchii#1415,Elvinsa#11713,wafflez#11297,Lechuga94#1568"
App State Gold,https://compete.tespa.org/tournament/111/team/23555,"Cavalier#11844,phvbe#1268,Gramorse#1937,Naes#11324,clone2204#1644,CombatWombat#12970,ArcadeJunky#11587,vidorra#11270"
UC eSports,https://compete.tespa.org/tournament/111/team/23453,"Yep#11689,Knitelight#1329,EssemG#1475,Carbon#11174,ehitburns#1180,W1ndmill#1893,FrostyNippz#1122,SpaceSnek#1544,Skizzerz#11979"
Tartans,https://compete.tespa.org/tournament/111/team/23507,"Alan7996#1296,OneEyedKing#11402,Hand#11969,TheNumbat#1781,koreantroll#1370,Endrew#11893,Bato#11908,JerryL#11635,hamaHA#11282"
╯°□°）╯┻━┻,https://compete.tespa.org/tournament/111/team/23485,"Teemo#12753,MidgtDynasty#1532,Fleshpocket#11300,deadshot#1325,TheOddsOfMe#11445,DOVER#11459,Monti#11980"
UCI Esports,https://compete.tespa.org/tournament/111/team/23098,"Kiramekirari#1997,Selectt#1278,IzakBirdie#1369,tildae#11811,Learntooplay#1795,Zeerocious#1305,Genos#11630"
Ult F4,https://compete.tespa.org/tournament/111/team/23085,"Hytek#11784,ValiantZerg#1446,ĬŶĬǻßĩƔę#1301,SHOCK#12144,soby#11872,Keff#11989,Jarzlopy#1420,Zanthora#1830,Fabled#11791"
Akron Zips Gold,https://compete.tespa.org/tournament/111/team/23498,"Chunder#1265,Click#11299,MidtownMan#1665,mmodo#1147,ArborFox#1198,DoctorPep#1614,Royale#1863,TheMCSquared#1973"
GU Panthers,https://compete.tespa.org/tournament/111/team/23619,"BigBlock20k#1649,Moneybags17#1651,kaboom101#1436,Sirbaiden#1781,GingerBeard#11217,TSURON#11158,Zypherous#1669,therealbrems#1877"
Chapman University,https://compete.tespa.org/tournament/111/team/21838,"PLAYERZed#11901,EschwR#1432,ObiJuan#11862,Bruce#12453,Michy#11931,Masao#11688,Wiggi#1790,Venta#11936,EDLG#1547"
NVEsports Silver,https://compete.tespa.org/tournament/111/team/24005,"Chrichin#1270,Seretic#1814,CardStealer#11991,PiedPiper#11533,Dozerdog#1701,Octopus#11567,likeaboss#1366,DoctorDog#11834,CheeezyNinja#1566"
CDLP,https://compete.tespa.org/tournament/111/team/22801,"webalex444#1311,dj974#2193,AŊCAŁAGØŊ#1759,Quaesan#2497,TrolNight911#1652,TitanAngel27#1970,tiblond#11220,Théo#2882,shadows973#2354"
SafespaceSupervisors,https://compete.tespa.org/tournament/111/team/21800,"Spades#1244,ChroNo#12489,star0chris#1199,ƗUltra#1852,Remag#1534,Amadien#1428,reach#11534,RSNDM#1701"
Something Else,https://compete.tespa.org/tournament/111/team/22814,"FlyingMonkey#11576,Krux#11901,PǺƗŊŴǠȐŖȈǾŖ#1484,joazlazer#1881,azhou#1369,RoguePyro#11409,Lexii#11391,thatguytyler#11703"
Arizona Esports Red,https://compete.tespa.org/tournament/111/team/21947,"Melon#11283,SnoozeCruise#1552,iProGress#1923,Tyrfing#11497,NotGM#11299,MaZiWei#1269,Chance3005#1575,sasuke#12375,FiJi#11693"
NUES Overwatch B,https://compete.tespa.org/tournament/111/team/24936,"DigitalNik#1265,thexammer#1581,JJLeche#11625,IronThunder#1712,Taegeun#1702,jackattacka#1608,ArtfulDodge#1664,Danietta#2214,Avalon#12460"
Becker Frostbite,https://compete.tespa.org/tournament/111/team/24955,"bowlerjoe#11951,Jury#11733,Siberdoodle#1243,APGS#1322,Alchemy#11818,Limey#1638,Ddubz#1242,WiLd#11833"
SLOverwatch D1,https://compete.tespa.org/tournament/111/team/23982,"SwankyMango#1457,Rampakslue#1689,notwalker#1386,RatSandwich#11840,Mochi#11589,Chubbyiguana#1667"
Golden Gaels,https://compete.tespa.org/tournament/111/team/23739,"ProphecyXYZ#1449,dogdogdog#11664,Edxu#1403,mercyonly#1541,KingSim#1579,Turouk#21248,Heretic#12448,Xeposem#1610,AchilleS#12684"
Full Sail Armada,https://compete.tespa.org/tournament/111/team/23733,"DonTony#11921,Shanks#12823,Smoove#11576,Naiko#11601,Higuu#11135,SnowOwl#31790,pandaturtle#11878,AukaiK#1297"
Bulldogs,https://compete.tespa.org/tournament/111/team/23723,"TheRicker3#1508,Bob#14211,TheMechanic#1174,Exorcist#11589,SkullQueen#11581,LordSaxes#1114,Kodzilla#11343,Kitsune#12773"
Cogswell Dragons,https://compete.tespa.org/tournament/111/team/23991,"Maverick#14978,MilkDud#11485,Carnivore#11428,Astinio#1620,WiNdowMaker#1944,FroFro#11270,AJmafo#1279"
Bronco Thunderclaps,https://compete.tespa.org/tournament/111/team/24974,"BlueFin#1803,Shux05#1736,Pulsar#11287,OniiChandler#1739,Blun#1263,DigitalPhaze#11313,BarhYdarB#1800,Sorkar#1835"
ＳＪＳＵ,https://compete.tespa.org/tournament/111/team/23702,"Armadyl#11727,vetag#1512,Juni#11633,BlueJae#11391,Kerrigan#11542,GreekGodX#11771,Chittu#11334,FullyFirm#1777"
RRG Academy,https://compete.tespa.org/tournament/111/team/24959,"Wrath#12956,HCK71#1959,Suunto#11182,jsquad7#1209,BRONZE56k#11363,SunUmbre#1557,toasTy#12739,Lucid#12327"
EGDC Overwatch A,https://compete.tespa.org/tournament/111/team/24946,"Mrmamizoupie#1222,LastResort#1934,snor#11246,XSpider#11496,Djxnight12#1587,MemeMan#11569,SexyBach#1762,RBM#11149,RegzasMirage#1564"
UCLA OW Varsity,https://compete.tespa.org/tournament/111/team/22549,"swablu#11906,raxa#11986,Sireku#1706,Tsang#1215,juggernaut#3961,Stranger#12962,SE7EN#1121,jump4joy#1251,Preston#11718"
Graywolves,https://compete.tespa.org/tournament/111/team/22552,"M6D#1702,Grimelton#1338,RamachangX17#1931,LUZavarch#1201,Eazy#11425,MajinK#11351,SteinKing#1699,TheChosenGuy#1644,Extoplazem#1182,Jubei#11786"
CocktailsServedMean,https://compete.tespa.org/tournament/111/team/22587,"Classified3#1633,AreoHotah#11430,JuicyJugs#11921,Stewey71#1871,Midget#11526,NJP#11827,sentientski#11597,Chzbrgrs#1418"
Demon Deacons,https://compete.tespa.org/tournament/111/team/22727,"Deposer#1615,Drasalia#1410,SneakyTurtle#120479,Gjallameme#1178,Kylin#11349,JM617#1762,KSEELALNY#1775,Redb0ne#1671,Shadow#19194"
DSU A,https://compete.tespa.org/tournament/111/team/23007,"Awombat#11599,cupholder#11380,Nub#12700,Empathy#12956,Toblerone#11491,falcon#11411,Retrograde#11258"
Ashland University,https://compete.tespa.org/tournament/111/team/22636,"auesports#1781,Admisse#1307,RvBxGrif10#1394,Super#12777,Joshskiis#1422,LOL#16749,Tea#1337,BrigYeet#1512"
Catamount Esports,https://compete.tespa.org/tournament/111/team/22592,"SepticBloom#1955,EidolonWit#1131,DoodleDoo#11366,SilentStorm#110472,toospooki#11369,Bumblebeeman#1676,shadowtheif#1876"
Colorado Frost,https://compete.tespa.org/tournament/111/team/22683,"frogz#1586,RHiNO#12110,Lego#1434,Voices#11482,LolAkita#1886,Acro#11751,Frisky#11703,SaltyPhysh#1708,Rennx0#1934,JonTheBonBon#1733"
Runnin' Reinhardts,https://compete.tespa.org/tournament/111/team/22184,"wildwingBat#1994,Flix#11575,GVKHAN#1705,DrChowder#4714,Skin#11359,Luckyshyco#1732,Astosia#1261,Dunmuir#1787,Kitanna#11913"
Cardinal Esports,https://compete.tespa.org/tournament/111/team/22515,"Oly#11150,hallGOAT#1797,Pillow#11755,JAiNKZ#1809,USMiller#1982,Sublimationz#11136,Lightbringer#12463,Chosen#12801,PandasOnIce#1896"
What Howe?,https://compete.tespa.org/tournament/111/team/23039,"pufflegod#1151,Angular#11184,Legendary#13843,KingUltimate#11195,RobotWizard#1351,Joetaco112#11564,Spaghett15#1709,Zerat#1830"
Nano'd Dva Bombs,https://compete.tespa.org/tournament/111/team/23669,"EndGame#1202,umity#1318,Foggy#1689,Ascalaon#1150,Ellipsis#1411,Nathan#15621,TopGun#11206"
Binghamton Bearcats,https://compete.tespa.org/tournament/111/team/22476,"Juno#12326,Ascalon#11726,souptime#1359,MrMoseby#11746,Jason#19470,franktankboi#1669,TheDemoDeux#1229,DongleDingus#1939,SandwichSage#1592"
Bronco Esports ,https://compete.tespa.org/tournament/111/team/23674,"Glider#1897,Tobi#12716,blakedo#1393,Player#12119,SavaJeZz#1861,coachblack#11752,Desert#11858,Yaryeetus#1526,HEADSTOMACH#1216"
Flying Dutchmen,https://compete.tespa.org/tournament/111/team/22463,"BeanBricker#1699,Areal#11618,Seki#11514,Choppaz#11761,Muterbuter#1248,Space#12142,SirDarrBear#1720,Karateeagle#1287"
Arizona Esports Blue,https://compete.tespa.org/tournament/111/team/23708,"Revenos#1850,AgentSnow#1650,Bunnyoh#1970,Ixbio#1722,WolvenGamer#11715,Drizzle#1165,MoR#11107,SoloQueuer69#1828"
SFU Raccoons ,https://compete.tespa.org/tournament/111/team/23709,"Vivid#11444,Sol#41417,Cacta#1601,GodHand#1789,KeffJaplan#1643,femto#11515,FameX#11496,UncleKyrie#1937,Skrrrrrr#1720"
Panthers,https://compete.tespa.org/tournament/111/team/22384,"JayltheGreat#1820,ThatSwiGuy#1920,TheStrix#1763,Dangeresque#1906,SaltShaker#11718,Sol#12759,Landriel#11686"
CMU,https://compete.tespa.org/tournament/111/team/23490,"Horangi#11624,naimis#11847,Beevis#1145,Woohoopy#11655,AhsokaLives#1559,Yasha#1948,Frojo#1549,Mauricio#12179,Meeow#1317"
Team Orange,https://compete.tespa.org/tournament/111/team/23597,"Tesriel#1993,PwnagePony#11691,Omelette#11695,DrQcumber#1136,ChristopherK#11992,SoapboxHero#1955,Side#11338,SharkFin#11229,Ryansito#11502"
The Dukes,https://compete.tespa.org/tournament/111/team/22650,"Sanity#11946,Cappy#11926,Abrams#11804,Incarnate#1817,Demoralize#11212,VickyRose#11635,IronCrit#1395,grej#11955"
UBC Premier Team,https://compete.tespa.org/tournament/111/team/23928,"Lunessa#1819,Aqim#11487,ZaK#11765,ｋａｔａｋｕｒｉ#1789,Azheng#1739,Bird#11630,Supertry#1497,shell#12596"
Illini Esports,https://compete.tespa.org/tournament/111/team/22677,"Libb#1965,SupportsSuck#1875,DaniK#1710,NovaV2#1429,Icemann3#11163,Turing#11692,DouyuTVdfGod#1899,RMUlti#1723,ZerrariSY#1424"
CSUN Karasuno,https://compete.tespa.org/tournament/111/team/23537,"Ella#11637,Toit#11403,Maik3ru#1923,Rodrico#11856,WIZARD182#1113,Express#1771,KIDADIS#1104,RINCHYAN#11865,NotMatt#11461"
LU Red,https://compete.tespa.org/tournament/111/team/23969,"Blink2O2#1264,ebestdrew#1519,Ballistica#11558,Scorch#11919,Luxord#11268,Pig4Prez#1882,sonofpaint#1825,ebestrob#1193"
RIT Esports,https://compete.tespa.org/tournament/111/team/22274,"UberGunrCzar#1937,ShyJacKaL#1463,PuddPudd#1782,Alex#114223,Kitch#1701,Zoozle#11687,Nyvesse#1484"
VGTC bubbos,https://compete.tespa.org/tournament/111/team/23975,"DapperCoat#1509,QuayCzar#1636,senryu#11597,Boredy#1661,LilBabyKiyle#1119,Rancerxl#1417,oogi#1981"
Polished Bronze,https://compete.tespa.org/tournament/111/team/22263,"TubbyToad#1365,Michelle#12733,Noobinator#1618,MaximusPrime#1805,Lacroxton#1289,VHSquid#1656,VHStupid#1736,LoopTheLoop#11590,Alan#14719"
Clemson Esports A,https://compete.tespa.org/tournament/111/team/23506,"BoBBy#13717,ItsGen#1208,Dog#11826,Dawn#12870,Shark#12653,Circci#11126,H2O#12227,Amaterasu#11856"
Sheridan Esports,https://compete.tespa.org/tournament/111/team/22200,"Express#11382,Vulcure#1848,IRLGirl#11954,BananasAI#1223,Lethaldoren#1905,Fudgenudge#1945,MegaMulani#1631,SKJynx#1954"
Galactic Huskies,https://compete.tespa.org/tournament/111/team/22768,"Rhino48#1732,MrMuffs#1391,dove#11729,Minais#1682,FlufflesFTW#1355,BlueJay#11698,Sarge#11939"
Dukes-Purple,https://compete.tespa.org/tournament/111/team/24043,"Buddy#11302,OGNico#11114,Renegade#11186,Spoobie#11920,GarbageCant#11667,Cestio#1991,Prodigy#1289,Buddy#11975"
CNU Overwatch,https://compete.tespa.org/tournament/111/team/22330,"HugeRez#1516,Khry#1834,Jackinator56#1933,Adeeza#1151,AsnLivesMtr#1601,Blakninja#11951,Jubackyard#1521,TokenMinorit#1994,RTHR#11776"
Oddly Omnic,https://compete.tespa.org/tournament/111/team/23056,"Roflhazard#1350,StayNight#41458,TheGuy#1969,Manic#11843,skrz#11924,Knightsama#11256,Lazytophat#1904,Shadow#113612"
FeelsMilkMan,https://compete.tespa.org/tournament/111/team/24707,"pgNU#1487,HappySquid#11902,Bumble#11478,erenjames#1579,Heartless#1269,Hunter#18255,Erisoul#1384,Marici#11499,Jnieco#1652"
White,https://compete.tespa.org/tournament/111/team/24816,"DimLimin#1994,WoundedLeaf#1682,Flip#11229,Achex#11115,Phantom#14904,HotSauce#11585"
UMN Gopherwatch 1,https://compete.tespa.org/tournament/111/team/24814,"whoGryps#1951,D1ckkickem#1179,Romanova#11751,BOON1E#1121,tiishi#1449,Corrinetta#1894,thekraken#1568,Rhokshida#1682"
Scarlet Hawks B Team,https://compete.tespa.org/tournament/111/team/24834,"Parakah#1532,Gilimed#1970,ModernLegacy#1769,Flaratitz#1652,Sasuke#1978,Toodles#11882,cder3#1711,YunnyTheWoo#1544,Haven#12704"
The 12th Gamer,https://compete.tespa.org/tournament/111/team/24813,"Stealdraco#1665,Peyton#1548,superjuice#1885,Teleporter#11427,kissland#11602,Hudsyn#1928"
Scarlet Hawks A Team,https://compete.tespa.org/tournament/111/team/24810,"homemedic#1855,BladedBanana#11544,DrDi5co#1799,ǺŦĿǍŜ#1555,Alkemiisto#1323,MoteQ#1307,TheGumbyz#1169,Shockwavq#1804,GeneralHoovy#1640"
ODU Esports Team A,https://compete.tespa.org/tournament/111/team/24800,"Zerxtin#1181,MeccaMatt#1483,AristosG#1493,CyberHectx#1292,tragob#11746,Fenrir37#1657,Tenebris#12620"
Golden Bears,https://compete.tespa.org/tournament/111/team/24799,"GooLag#11468,Jay#16957,Tribal#11759,HaruKaze#11638,KaitoAlter#1516,BananaBread#11652,Foxryte#1358"
Crimson Fire,https://compete.tespa.org/tournament/111/team/24795,"Rilivi#1229,Spauldingx25#1363,logo594#1132,ImainBastion#1657,shindig#11510,hoya#11522,gigaboggie#1435,Bunborn#1501"
UofSC Gamecocks,https://compete.tespa.org/tournament/111/team/24643,"CHIMCHAR#11554,LaughingBomb#11692,Smarty#11456,ALOHA#11775,IamHamez#1905,ElectroWarfr#1993,Raisin#11467,Alien#11714,storm#15792"
Peacocks,https://compete.tespa.org/tournament/111/team/24840,"UIULust#1728,UIUOutlaw#1678,UIUBDROO#1588,LilbddyBenny#1473,UIUGluttony#1490,UIUWrath#1484,UIUBINKS#1791,UIUPride#1908,Mahe#2286"
Berklee Overdrive,https://compete.tespa.org/tournament/111/team/24756,"oidoldol#1538,Weeaboo2018#4989,kanoflaj#1833,Neward#1242,Dapot#1613,Keiko#11397,Mursalavic#1396"
ArtU Onyx,https://compete.tespa.org/tournament/111/team/24731,"Wittz#11243,Bamboo#11566,Kayros#2277,price#11673,MUUMUU#11952,Tcat#11162,SenorPacman#1566,Harambe#1538,redsworld#1140"
UMN Gopherwatch 2,https://compete.tespa.org/tournament/111/team/24841,"hyperbola0#1499,nickeal1#1860,whitebeard#1544,SoulReaper#1260,TMI#11224,Tridiculas#1165,Matisse#1501"
ArtU Ruby,https://compete.tespa.org/tournament/111/team/24730,"Vflight#11381,笑到你心裡發寒#4778,Rubick#2471,Morni#11566,Teki#11734,bEar#23583,MrFancyPants#1989,RomelCee#1877"
Crimson Gaming,https://compete.tespa.org/tournament/111/team/24847,"Xadr#1718,SegwayBilly#1784,Andy#18576,ObeseBanana#1482,Decebalus#11736,CPTSkippy#1627,DHfearXL212#1836,Brother#11345,Supah#1288"
SLU PUPS,https://compete.tespa.org/tournament/111/team/24850,"WitheringEgg#1631,Anonymouse#12829,NinjaSnail#1858,Fvoll#1427,MetaMediator#1501,SethPoison#1407,Tzrbmbajones#1974,BigMike34#11146"
Shenandoah Swarm,https://compete.tespa.org/tournament/111/team/24720,"praetorian#11458,Kingwert#1348,soccerstar#1957,Kylr#11678,T3TAN#1879,Skypen99#1348,Shadowrex10#1221,óššó#1485"
SSU Gray,https://compete.tespa.org/tournament/111/team/24784,"SchneeRose#1888,QueenOfNaCl#1140,Tentacular#11107,Bluemask#11826,Knubbs#11711,MayhemMays#1804,MrValkyrie17#1570,Ladytusks#1873,warbeast4455#1366"
bad lizards,https://compete.tespa.org/tournament/111/team/24041,"R3KLE22K1LLR#1384,realm#11428,Weaselwez#1578,Schmidt#11320,zombiestank#1822,Zer0Kool#11484,ewit824#1798,stonewall#11218"
Longhorn GamingWhite,https://compete.tespa.org/tournament/111/team/24063,"IR15H0000000#1829,Comnyando#1797,UnclearPulse#1378,Renegade#12954,Victor#17943,Jurxage#1905,jjdajetplane#11624,Lunariiis#1713,Frosti#11171"
UTD Esports,https://compete.tespa.org/tournament/111/team/24931,"gurg7#1417,Ondrez#1947,TWalk#11439,Tppc#1376,Loon#11762,DoritoPurge#1967,toxic#12313"
Meme Team 6,https://compete.tespa.org/tournament/111/team/23993,"Pamphlet#11290,MaSoN#1335,StarGateSG1#11655,ǕĤǺŦǝ2ŜǝǝȈŦ#1434,Modern#11822,Influix#11980,Alphaspartan#1588"
Bronco Electroshocks,https://compete.tespa.org/tournament/111/team/24979,"TALLANDTHIN#1775,Jeriliam#1881,Kingck#11420,Noble#11217,Elarayan#1170,kasttronaut#1557,CaptainDaddy#11226,SeaMan#1922"
UT Dallas Tespa,https://compete.tespa.org/tournament/111/team/23589,"Day#1602,LunarWraith#1761,sicksandwich#1224,Kiniggitt#1315,Blank#13448,WAlpha#1602"
UNI Gold,https://compete.tespa.org/tournament/111/team/23554,"Bozaq#1742,DanteDyavol#1416,chimchared#1430,ShotNTheDark#11987,SeaSky#11990,Zoomzoom97#1689,Black#15512,B10nderbuss#1126"
UNI Purple,https://compete.tespa.org/tournament/111/team/23551,"HappyKitten#11687,Gherskom#1725,monkaMega#1375,Gloomcake#11315,SimplyAlf#1140,Roon#11542,SuperNinja#17163,JeffsChips#1513"
Slug Gaming,https://compete.tespa.org/tournament/111/team/23134,"Kolex#11222,ImThePepper#1519,Chance#12973,codytappen#1585,Fusion#12846,Temmie#11298,knarf#11602,CMB#11156,BenRoad#1760"
Babbio Brawlers,https://compete.tespa.org/tournament/111/team/23102,"ElisMcGruber#1181,DoubleA#1795,Unk#11683,nak#11167,Zansuz#1428,Duncgan#1859,Breakfast#1819,Jester#13743,Bryman#11205"
Roadrunner Gaming,https://compete.tespa.org/tournament/111/team/23607,"Acefire#1494,Saber#14695,Segfault#11507,Mozyy#1534,HeroElementz#1158,Senvin#1358,sunshine#13893,kallax#11116,Cruzer16#1131"
MSU Bulldogs White,https://compete.tespa.org/tournament/111/team/23095,"BadBunny#11710,LivingBronze#1660,Nihilus#11606,DCicebreaker#1637,MaverickNick#11680,AulynBlaze#1424,TripleSword#11550"
Team Maroon,https://compete.tespa.org/tournament/111/team/23057,"Rhythmz#11411,sam#114373,Doge#12901,BunchMox20#1885,xPhuu#1598,Muffinman#12677,JAWZ#1921,CallMeCypher#1622,Sternus#1308"
Mocs,https://compete.tespa.org/tournament/111/team/23046,"Mesoto#1394,raindrops#11446,Fuzzyhalo#1111,Mo459#1751,WidowMain#1688,caemck#1231"
BGSU Falcons,https://compete.tespa.org/tournament/111/team/23026,"MrAve970#1639,BassRift#1933,atech087#1845,AnotherZac#1180,Skidflap#1321,Lodolus#1657,Balustrade#11894,SoulAssassin#11397,JugularToe#11823"
Algonquin Thunder,https://compete.tespa.org/tournament/111/team/22833,"Blue#14305,Leaf#11409,GiantDwarf#111628,LeFaran#1688,FIVE#11563,Velocifaptor#11336,Drone#11209,ModernDarpa#1486,Reversecow#11347"
Ardor,https://compete.tespa.org/tournament/111/team/22802,"PearUhDox#1505,VMnaca#11517,GbageCol#1877,Darkblob2#1556,Boomz#11489,KingCoolRob#1754,Snail0fD3ath#1814,Bradado#1209"
W-M1 Gaming,https://compete.tespa.org/tournament/111/team/22793,"ShadowWalker#11584,shoverst#1771,Lawlsomedude#1946,CyanSkunk#1552,Jakob21121#1231,lazerllamaz#1590,OprahWinfrey#11194,RocketDoom#1666,Mellow#11877"
OverWash,https://compete.tespa.org/tournament/111/team/22735,"KAAAAAAAAAAP#1855,HeatShock#1421,Kelv#1523,HuntingSzn#1545,nloloew#1509,WillieSu#1725,Pajama#11122,Prometheii#11129,Orphen#1986"
[FLC] Raptors,https://compete.tespa.org/tournament/111/team/22664,"ChimeraLight#1594,Elite#12631,Doc#13744,Fpsflipper#11646,AlexandEmpir#1670,Ǟri#1584,Deathstroke#1669,Suprise#1557"
Varsity Orange,https://compete.tespa.org/tournament/111/team/23089,"Pyro#12345,Captainstar#11323,Democracy#11120,Broken#12752,solarspace#1746,DiAngelo#11838,XerxesIII#1181,OnlyKO#11961"
UIC Flames,https://compete.tespa.org/tournament/111/team/23660,"Gladiator#12212,Serb#11472,Zentai#11803,DAERON#21902,Jayden#12916,Yeezus#11791,Shenanigans#21340,Ellosx#1534,KaoriDesu#1853"
Troy Engineers,https://compete.tespa.org/tournament/111/team/24829,"Huragok#11395,Covvman#1923,MisuteRareta#1626,MillieMoo#1285,MystG#1365,Evileyed#11194,HEALMEFTW#1210,latioslatas#1302"
Moira Moira Moira,https://compete.tespa.org/tournament/111/team/23670,"Den#1660,jack#14181,McButtCheeks#1475,fliprocket#1796,KnightPluton#1262,SableLancer#1717,Thorne#11716,Sakiboy24#1420"
Bobcat Esports,https://compete.tespa.org/tournament/111/team/23974,"OtterMan#11700,Player#128258,SharkBait#11133,BoneScanner#1525,Katze#11128,grapekun#1175,Freckles#12557,MȄŖƇŶMǞĬŊƂŦŴ#1598,Masonite#11335"
Becker Heatwave,https://compete.tespa.org/tournament/111/team/24954,"Amalthea#11229,Chlor#11180,Firebird#1564,SuperSloth#11960,PhunkPai#1359,henielFJ7#1420,Freelancer#11123"
KSU Esports,https://compete.tespa.org/tournament/111/team/23944,"Appl3man#1641,Shraug#1735,Mushmak#1423,Alerestus#1397,Matty#11103,llammaramma#1699,Thundatwin#1187,Dezz#11203"
Full Sail Armada JV,https://compete.tespa.org/tournament/111/team/23943,"NTaveras#1126,Boon#12217,TostedMarsh#1661,color#11623,Chethon#1813,Yakisoba#11511,Musix#11224,TMan#11734"
ClawsofRavens,https://compete.tespa.org/tournament/111/team/21719,MrGooey#1695
SLOverwatch D2B,https://compete.tespa.org/tournament/111/team/24022,"NoItsPanman#1809,garlicbutter#11775,DaQueen#11163,Myce#11425,VirgoXZ#1238,Wolf#1298"
UOIT Collegiate,https://compete.tespa.org/tournament/111/team/25812,"WuWoot#11306,Sinthuboy#11606"
Night Owls,https://compete.tespa.org/tournament/111/team/21971,"Cinnamon#1343,AwsumWolf#1458"
NAU Lumberjacks,https://compete.tespa.org/tournament/111/team/21715,"AshBit#1662,TenzoMonk#1108"
UCM,https://compete.tespa.org/tournament/111/team/24786,"Catbug#11326,walkingdead#11520,SL33PL3SS#11909,Amemo#1835"
Ventura Pirates,https://compete.tespa.org/tournament/111/team/23762,"PINEC0RN#1322,lemonade#11213,Lue#11318,Flakit5Fire#1630,Muralriver#1480,Sniperkity#1524,Paul#12238,TravelerZ#1426,NateValley#1662"
Utez,https://compete.tespa.org/tournament/111/team/21714,OfflinePK#11696
DCAD BlackCats,https://compete.tespa.org/tournament/111/team/22993,ghostxrue#1716
GMU Overwatch,https://compete.tespa.org/tournament/111/team/22736,YungSpice#11964
Four Play,https://compete.tespa.org/tournament/111/team/25550,"FlyingTuna#11617,AsianLover69#11206,KayKawaii#1192,uchidara#2319,BellaLuna#11386,Xemrrer#1961,Toa#11176"
Dalhousie Tigers B,https://compete.tespa.org/tournament/111/team/25549,"Noise#1658,Zyther#1926,WhiteFall#1590,kuzunohaxxii#1109,LargePig#1668"
Oswego Outrage,https://compete.tespa.org/tournament/111/team/25293,"humanfemale#11467,hawkeye57#11755,jiitao#1724,spockykins#1675,WizardWesker#1295,TRUCE#11260,BboP#11847"
UW Badgers B,https://compete.tespa.org/tournament/111/team/25037,"ǤȌȌÐMȆMĔ#1501,Zolle#11174,mdm604#1902,Keltore#1356,Jake123NTG#1316,leoh#11843,axu1672#1171"
Fighting Engineers,https://compete.tespa.org/tournament/111/team/24781,"Jone#11953,JCon#11544,happycola#11348,Debotchery#1649"
UW ,https://compete.tespa.org/tournament/111/team/25036,
Quetzalcoatl,https://compete.tespa.org/tournament/111/team/25599,"ThePandaBear#1380,Pita#11284,Fitz#12167,Arctic#11533,KevinF#11910,Dim1#11219,jaz#11206,Vengeance#1996"
Phoenix Fire,https://compete.tespa.org/tournament/111/team/21756,Riot#1936
Oregon Ducks,https://compete.tespa.org/tournament/111/team/22010,RedBeard#1441
NYIT CYBEARS,https://compete.tespa.org/tournament/111/team/25081,"duransquared#1404,GrumpyKitten#114755,Sair970#1195,Goose#13872,Kinic#11405,Aznassassin#1436,TheBroGenji#1988,blateroid#1960,RoaringIron#1269"
Havoc,https://compete.tespa.org/tournament/111/team/25592,"Hurricane7#11542,Raizex13#1317,killerkoala#1542,Hasselhoff#11255,TheNoEr#1828,Popz#11269"
OSU Cowboys,https://compete.tespa.org/tournament/111/team/22008,SpookyPotato#11132
Salsa Bois,https://compete.tespa.org/tournament/111/team/21752,Morpheus#1967
UA E-sports A-Team ,https://compete.tespa.org/tournament/111/team/22516,"Sukhu4u#1944,Cueyo#1920,FlamesOfRAW#1656,Verelia#11996,RiNLuX#1673,TrashcanMan#11268,JGrabois3#1217,Tyriøn#1475"
CSUF,https://compete.tespa.org/tournament/111/team/24051,"JIMSONWȄȄ#1896,hawkeg#2945,California#11985,Balls#12293,TimesTwo#11605,Super64#11273,yuhao#11214,Lexie#11850,DigitalFX#11495"
Rising GR ,https://compete.tespa.org/tournament/111/team/21747,MiloMoriarty#1983
Shrek is love,https://compete.tespa.org/tournament/111/team/24562,GlassPotato#1552
Big Red C,https://compete.tespa.org/tournament/111/team/25070,"Primitive#1788,Adonalsium#11832,Zaptrem#1568,Cyavic#1422,AshNeo#1826,popiou#1231"
NY ITs,https://compete.tespa.org/tournament/111/team/21742,"Longdukdong#1969,StarDestroy#11146"
Conestoga Cavaliers,https://compete.tespa.org/tournament/111/team/22765,"Depicted#1269,Biz#11783"
Poison Ivy,https://compete.tespa.org/tournament/111/team/21741,"smudgerize#1439,Redvendl#1508"
Big Red A,https://compete.tespa.org/tournament/111/team/25068,"MEM3x#1826,Acynical#1273,ssp#11308,Norhn#11826,TheHangedMan#11326,Mastr#11531,Hiddensirius#1723"
The Golden Legion,https://compete.tespa.org/tournament/111/team/24812,"ǁǂǺŶǺŶǺǂǁ#1117,tinytoes#11466,Langinator3#1615,Genesis#12896,Mdthe2nd#1903,AlphaApollo#1339,ShinyPants#16322"
Wildcats,https://compete.tespa.org/tournament/111/team/21740,xbgx#1980
Big Red B,https://compete.tespa.org/tournament/111/team/25067,"AntMantis#1580,Apharoh#1931,wonder#11959,Persuasion#11247,ngkayjay#1349,Wangkalifa#1109,CLAWS#1707"
Lynx,https://compete.tespa.org/tournament/111/team/21993,"Elication#1829,Sygaron#1360"
CWU Wildcats,https://compete.tespa.org/tournament/111/team/23527,"Aleph#11597,Beezzy#11913,FaekOut#1646,Hawkridge#1111,Firefly#12451"
UdeM,https://compete.tespa.org/tournament/111/team/23015,Zelda#11975
RTGaming,https://compete.tespa.org/tournament/111/team/22759,"Kryptonian#11805,Tiffany#12354,TiberiousV#1929,AncientOne0#1179,PotatoKitten#11569,Snapper#1886,JHMAN#1964,StarKi113r13#1452"
SAIT,https://compete.tespa.org/tournament/111/team/24037,"Dom#12425,Tractorpull#11215,hyun#12235,ConnorLuca#1124,Kinect#11733,iYamWhoiYam#1663,ELASTICxLOVE#1444"
Strike Team Delta,https://compete.tespa.org/tournament/111/team/25571,"undeadblazer#1772,Nexima#1781,Hawk#13845,HippiePerson#1289,Mcgregor#11497,Trachs#1687,RoWoCha#2723"
Strike Team Omega,https://compete.tespa.org/tournament/111/team/25570,"SuperSaltyAF#1530,roussin#1506,ShadowDragon#133959,UltiG#11198,Ltio#11376,Frosty#15451,North#11124,pairodice#1429"
VGTC Mom Bods,https://compete.tespa.org/tournament/111/team/24034,"AntorFrostor#1604,MURPHY#1518,laserno2#1974,majestic#11116,Variable#11358,AxisTail9#1833"
LSU Purple,https://compete.tespa.org/tournament/111/team/21729,"ADS#12301,Pulver#11652,LayK#1493,AAABattery#11662,FlyingTaco#1507,Beefcake#11224,Helpful#11207,SPOONMAN#1568"
Buffalo Ranch,https://compete.tespa.org/tournament/111/team/25056,"Alchemist#12408,CoHapoo#1470,MinecraftKid#11503,tsarfish#1853,NitroFlare#1477,Slow#11650,somebodyxxx#1695,Efase#1343,Voltiyon#1219"
FIU Team C,https://compete.tespa.org/tournament/111/team/24032,"JeanieWeenie#1459,SpaceCowboy#12994,Jstar269#1746,Thrax#11801,DoomGuy#11817,GerardWay#11204,Yukii#11343,Mista#11305"
the read rams,https://compete.tespa.org/tournament/111/team/23008,Dragon#110402
Miniwatch,https://compete.tespa.org/tournament/111/team/25054,"Dagza#11780,IanPika#1218,SID#12421,Anilas#1758,Dcdarksteel#1851,Explodified#1864,Spacemangos#1369"
Alpha,https://compete.tespa.org/tournament/111/team/25052,Pixel#12295
Boomers,https://compete.tespa.org/tournament/111/team/25307,"Thunderbird#11564,Amnael#11556,PatchesPop#11414,OkButWhyTho#1648,TheRealSnake#11795,Pinkawe#1224,Tatsumi#12910,DJRacket#11939,DeltaHawk342#11479"
SLOverwatch D2A,https://compete.tespa.org/tournament/111/team/24026,"PrivateOne#1165,レＰＴＩＮＯ17#1193,hiroprotag#1331,Squirrel#12504"
Columbia Renegades,https://compete.tespa.org/tournament/111/team/24025,
UPenn Overwatch,https://compete.tespa.org/tournament/111/team/21976,Tabasco#11484
Toledo Rockets,https://compete.tespa.org/tournament/111/team/24791,"Way2#11437,moistnoodle#11379,WhatsKraken#11298,GhostShot#11599,Latere#1292,Asunaku#1797,SplashDamage#11120"
RCC Tigers,https://compete.tespa.org/tournament/111/team/21975,Burritos#11645
RMU Eagles,https://compete.tespa.org/tournament/111/team/25547,"alt#11112,AgentQ52#1256,STARS#1101,Bazzu#11621"
NM State Esports,https://compete.tespa.org/tournament/111/team/25290,"Hippogriff#11141,ZOnlee1#1931,Saitama#13157,JACCommander#1676,SHAAAAAAAALK#1525,SpiritWizard#11252,Sepiormon#1641"
UMUCers,https://compete.tespa.org/tournament/111/team/22217,"Battlegear#1294,Recon#1637"
UML Riverhawks,https://compete.tespa.org/tournament/111/team/21705,supertasters#1569
Arbor eSports,https://compete.tespa.org/tournament/111/team/25031,"happy#14546,afrono#1936,Mawz#11765,Salamander63#1506,DEĿOƔELY#1282,CRACKERBOI#1204,Progg#1336,ChefRamZ#1210,Dust#12705"
SDSU BBQ,https://compete.tespa.org/tournament/111/team/25539,"EachHit#1778,Fugutodo#1260,ProfParadox#1886,Haruuu#11644,JustIsaac#11323,Aphimm1678#1234,LazyTurtle#117187"
Oakland Raiders,https://compete.tespa.org/tournament/111/team/21955,Rye#11401
FLCC Lakers e-sports,https://compete.tespa.org/tournament/111/team/25026,"VortexGames#11188,Derlyn#11988,PeenFracture#1217"
